,普通,温泉,学園都市,,,,,,,,,,,,,5:00:00,5:01:00,5:01:30,5:02:30,5:03:00,5:04:30,5:04:50,5:06:20,5:06:40,5:08:10,5:08:40,5:10:40,5:11:00,5:13:00,5:13:20,5:15:20,5:15:40,5:17:40
,普通,温泉,都会,5:00:00,5:01:00,5:01:30,5:02:30,5:03:00,5:04:00,5:04:30,5:05:30,5:06:00,5:07:00,5:07:30,5:08:30,5:11:00,5:12:00,5:12:30,5:13:30,5:16:00,5:17:30,5:17:50,5:19:20,5:19:40,5:21:10,5:21:40,5:23:40,5:24:00,5:26:00,5:26:20,5:28:20,5:28:40,5:30:40
,普通,温泉,都会,5:20:00,5:21:00,5:21:30,5:22:30,5:23:00,5:24:00,5:24:30,5:25:30,5:26:00,5:27:00,5:27:30,5:28:30,5:29:00,5:30:00,5:30:30,5:31:30,5:32:00,5:33:30,5:33:50,5:35:20,5:35:40,5:37:10,5:37:40,5:39:40,5:40:00,5:42:00,5:42:20,5:44:20,5:44:40,5:46:40
,普通,温泉,都会,5:40:00,5:41:00,5:41:30,5:42:30,5:43:00,5:44:00,5:44:30,5:45:30,5:46:00,5:47:00,5:47:30,5:48:30,5:49:00,5:50:00,5:50:30,5:51:30,5:52:00,5:53:30,5:53:50,5:55:20,5:55:40,5:57:10,5:57:40,5:59:40,6:00:00,6:02:00,6:02:20,6:04:20,6:04:40,6:06:40
,普通,温泉,車両基地,,,,,,,,,,,6:00:30,6:01:30,6:02:00,6:03:00,6:03:30,6:04:30,6:05:00,6:06:30,6:06:50,6:08:20,6:08:40,6:10:10,6:10:40,6:12:40,6:13:00,6:15:00,6:15:20,6:17:20,6:17:40,6:19:40
,急行,温泉,都会,6:00:00,6:01:00,,6:02:00,,6:03:00,,6:04:00,,6:05:00,,6:06:00,6:06:30,6:07:30,,6:08:30,6:09:00,6:10:30,,6:12:00,,6:13:30,6:14:00,6:16:00,,6:18:00,,6:20:00,,6:22:00
,普通,温泉,都会,6:10:00,6:11:00,6:11:30,6:12:30,6:13:00,6:14:00,6:14:30,6:15:30,6:16:00,6:17:00,6:17:30,6:18:30,6:19:00,6:20:00,6:20:30,6:21:30,6:22:00,6:23:30,6:23:50,6:25:20,6:25:40,6:27:10,6:27:40,6:29:40,6:30:00,6:32:00,6:32:20,6:34:20,6:34:40,6:36:40
,急行,温泉,都会,6:20:00,6:21:00,,6:22:00,,6:23:00,,6:24:00,,6:25:00,,6:26:00,6:26:30,6:27:30,,6:28:30,6:29:00,6:30:30,,6:32:00,,6:33:30,6:34:00,6:36:00,,6:38:00,,6:40:00,,6:42:00
,普通,温泉,都会,6:23:00,6:24:00,6:24:30,6:25:30,6:26:00,6:27:00,6:27:30,6:28:30,6:29:00,6:30:00,6:30:30,6:31:30,6:32:00,6:33:00,6:33:30,6:34:30,6:35:00,6:36:30,6:36:50,6:38:20,6:38:40,6:40:10,6:40:40,6:42:40,6:43:00,6:45:00,6:45:20,6:47:20,6:47:40,6:49:40
,普通,町中,都会,6:33:00,6:34:00,6:34:30,6:35:30,6:36:00,6:37:00,6:37:30,6:38:30,6:39:00,6:40:00,6:40:30,6:41:30,6:42:00,6:43:00,6:43:30,6:44:30,,,,,,,,,,,,,,
,急行,温泉,都会,6:40:00,6:41:00,,6:42:00,,6:43:00,,6:44:00,,6:45:00,,6:46:00,6:46:30,6:47:30,,6:48:30,6:49:00,6:50:30,,6:52:00,,6:53:30,6:54:00,6:56:00,,6:58:00,,7:00:00,,7:02:00
,普通,温泉,都会,6:43:00,6:44:00,6:44:30,6:45:30,6:46:00,6:47:00,6:47:30,6:48:30,6:49:00,6:50:00,6:50:30,6:51:30,6:52:00,6:53:00,6:53:30,6:54:30,6:55:00,6:56:30,6:56:50,6:58:20,6:58:40,7:00:10,7:00:40,7:02:40,7:03:00,7:05:00,7:05:20,7:07:20,7:07:40,7:09:40
,普通,温泉,都会,6:53:00,6:54:00,6:54:30,6:55:30,6:56:00,6:57:00,6:57:30,6:58:30,6:59:00,7:00:00,7:00:30,7:01:30,7:02:00,7:03:00,7:03:30,7:04:30,7:05:00,7:06:30,7:06:50,7:08:20,7:08:40,7:10:10,7:10:40,7:12:40,7:13:00,7:15:00,7:15:20,7:17:20,7:17:40,7:19:40
,急行,温泉,都会,7:00:00,7:01:00,,7:02:00,,7:03:00,,7:04:00,,7:05:00,,7:06:00,7:06:30,7:07:30,,7:08:30,7:09:00,7:10:30,,7:12:00,,7:13:30,7:14:00,7:16:00,,7:18:00,,7:20:00,,7:22:00
,普通,温泉,都会,7:03:00,7:04:00,7:04:30,7:05:30,7:06:00,7:07:00,7:07:30,7:08:30,7:09:00,7:10:00,7:10:30,7:11:30,7:12:00,7:13:00,7:13:30,7:14:30,7:15:00,7:16:30,7:16:50,7:18:20,7:18:40,7:20:10,7:20:40,7:22:40,7:23:00,7:25:00,7:25:20,7:27:20,7:27:40,7:29:40
,普通,町中,都会,7:07:00,7:08:00,7:08:30,7:09:30,7:10:00,7:11:00,7:11:30,7:12:30,7:13:00,7:14:00,7:14:30,7:15:30,7:16:00,7:17:00,7:17:30,7:18:30,,,,,,,,,,,,,,
,急行,温泉,都会,7:15:00,7:16:00,,7:17:00,,7:18:00,,7:19:00,,7:20:00,,7:21:00,7:21:30,7:22:30,,7:23:30,7:24:00,7:25:30,,7:27:00,,7:28:30,7:29:00,7:31:00,,7:33:00,,7:35:00,,7:37:00
,普通,温泉,都会,7:18:00,7:19:00,7:19:30,7:20:30,7:21:00,7:22:00,7:22:30,7:23:30,7:24:00,7:25:00,7:25:30,7:26:30,7:27:00,7:28:00,7:28:30,7:29:30,7:30:00,7:31:30,7:31:50,7:33:20,7:33:40,7:35:10,7:35:40,7:37:40,7:38:00,7:40:00,7:40:20,7:42:20,7:42:40,7:44:40
,普通,町中,都会,7:22:00,7:23:00,7:23:30,7:24:30,7:25:00,7:26:00,7:26:30,7:27:30,7:28:00,7:29:00,7:29:30,7:30:30,7:31:00,7:32:00,7:32:30,7:33:30,,,,,,,,,,,,,,
,急行,温泉,都会,7:30:00,7:31:00,,7:32:00,,7:33:00,,7:34:00,,7:35:00,,7:36:00,7:36:30,7:37:30,,7:38:30,7:39:00,7:40:30,,7:42:00,,7:43:30,7:44:00,7:46:00,,7:48:00,,7:50:00,,7:52:00
,普通,温泉,都会,7:33:00,7:34:00,7:34:30,7:35:30,7:36:00,7:37:00,7:37:30,7:38:30,7:39:00,7:40:00,7:40:30,7:41:30,7:42:00,7:43:00,7:43:30,7:44:30,7:45:00,7:46:30,7:46:50,7:48:20,7:48:40,7:50:10,7:50:40,7:52:40,7:53:00,7:55:00,7:55:20,7:57:20,7:57:40,7:59:40
,普通,町中,都会,7:37:00,7:38:00,7:38:30,7:39:30,7:40:00,7:41:00,7:41:30,7:42:30,7:43:00,7:44:00,7:44:30,7:45:30,7:46:00,7:47:00,7:47:30,7:48:30,,,,,,,,,,,,,,
,急行,温泉,都会,7:45:00,7:46:00,,7:47:00,,7:48:00,,7:49:00,,7:50:00,,7:51:00,7:51:30,7:52:30,,7:53:30,7:54:00,7:55:30,,7:57:00,,7:58:30,7:59:00,8:01:00,,8:03:00,,8:05:00,,8:07:00
,普通,温泉,都会,7:48:00,7:49:00,7:49:30,7:50:30,7:51:00,7:52:00,7:52:30,7:53:30,7:54:00,7:55:00,7:55:30,7:56:30,7:57:00,7:58:00,7:58:30,7:59:30,8:00:00,8:01:30,8:01:50,8:03:20,8:03:40,8:05:10,8:05:40,8:07:40,8:08:00,8:10:00,8:10:20,8:12:20,8:12:40,8:14:40
,普通,町中,都会,7:52:00,7:53:00,7:53:30,7:54:30,7:55:00,7:56:00,7:56:30,7:57:30,7:58:00,7:59:00,7:59:30,8:00:30,8:01:00,8:02:00,8:02:30,8:03:30,,,,,,,,,,,,,,
,急行,温泉,都会,8:00:00,8:01:00,,8:02:00,,8:03:00,,8:04:00,,8:05:00,,8:06:00,8:06:30,8:07:30,,8:08:30,8:09:00,8:10:30,,8:12:00,,8:13:30,8:14:00,8:16:00,,8:18:00,,8:20:00,,8:22:00
,普通,温泉,都会,8:03:00,8:04:00,8:04:30,8:05:30,8:06:00,8:07:00,8:07:30,8:08:30,8:09:00,8:10:00,8:10:30,8:11:30,8:12:00,8:13:00,8:13:30,8:14:30,8:15:00,8:16:30,8:16:50,8:18:20,8:18:40,8:20:10,8:20:40,8:22:40,8:23:00,8:25:00,8:25:20,8:27:20,8:27:40,8:29:40
,普通,町中,都会,8:07:00,8:08:00,8:08:30,8:09:30,8:10:00,8:11:00,8:11:30,8:12:30,8:13:00,8:14:00,8:14:30,8:15:30,8:16:00,8:17:00,8:17:30,8:18:30,,,,,,,,,,,,,,
,急行,温泉,都会,8:15:00,8:16:00,,8:17:00,,8:18:00,,8:19:00,,8:20:00,,8:21:00,8:21:30,8:22:30,,8:23:30,8:24:00,8:25:30,,8:27:00,,8:28:30,8:29:00,8:31:00,,8:33:00,,8:35:00,,8:37:00
,普通,温泉,都会,8:18:00,8:19:00,8:19:30,8:20:30,8:21:00,8:22:00,8:22:30,8:23:30,8:24:00,8:25:00,8:25:30,8:26:30,8:27:00,8:28:00,8:28:30,8:29:30,8:30:00,8:31:30,8:31:50,8:33:20,8:33:40,8:35:10,8:35:40,8:37:40,8:38:00,8:40:00,8:40:20,8:42:20,8:42:40,8:44:40
,普通,町中,都会,8:22:00,8:23:00,8:23:30,8:24:30,8:25:00,8:26:00,8:26:30,8:27:30,8:28:00,8:29:00,8:29:30,8:30:30,8:31:00,8:32:00,8:32:30,8:33:30,,,,,,,,,,,,,,
,急行,温泉,都会,8:30:00,8:31:00,,8:32:00,,8:33:00,,8:34:00,,8:35:00,,8:36:00,8:36:30,8:37:30,,8:38:30,8:39:00,8:40:30,,8:42:00,,8:43:30,8:44:00,8:46:00,,8:48:00,,8:50:00,,8:52:00
,普通,温泉,都会,8:33:00,8:34:00,8:34:30,8:35:30,8:36:00,8:37:00,8:37:30,8:38:30,8:39:00,8:40:00,8:40:30,8:41:30,8:42:00,8:43:00,8:43:30,8:44:30,8:45:00,8:46:30,8:46:50,8:48:20,8:48:40,8:50:10,8:50:40,8:52:40,8:53:00,8:55:00,8:55:20,8:57:20,8:57:40,8:59:40
,普通,町中,都会,8:37:00,8:38:00,8:38:30,8:39:30,8:40:00,8:41:00,8:41:30,8:42:30,8:43:00,8:44:00,8:44:30,8:45:30,8:46:00,8:47:00,8:47:30,8:48:30,,,,,,,,,,,,,,
,急行,温泉,都会,8:45:00,8:46:00,,8:47:00,,8:48:00,,8:49:00,,8:50:00,,8:51:00,8:51:30,8:52:30,,8:53:30,8:54:00,8:55:30,,8:57:00,,8:58:30,8:59:00,9:01:00,,9:03:00,,9:05:00,,9:07:00
,普通,温泉,都会,8:48:00,8:49:00,8:49:30,8:50:30,8:51:00,8:52:00,8:52:30,8:53:30,8:54:00,8:55:00,8:55:30,8:56:30,8:57:00,8:58:00,8:58:30,8:59:30,9:00:00,9:01:30,9:01:50,9:03:20,9:03:40,9:05:10,9:05:40,9:07:40,9:08:00,9:10:00,9:10:20,9:12:20,9:12:40,9:14:40
,普通,町中,都会,8:52:00,8:53:00,8:53:30,8:54:30,8:55:00,8:56:00,8:56:30,8:57:30,8:58:00,8:59:00,8:59:30,9:00:30,9:01:00,9:02:00,9:02:30,9:03:30,,,,,,,,,,,,,,
,急行,温泉,都会,9:00:00,9:01:00,,9:02:00,,9:03:00,,9:04:00,,9:05:00,,9:06:00,9:06:30,9:07:30,,9:08:30,9:09:00,9:10:30,,9:12:00,,9:13:30,9:14:00,9:16:00,,9:18:00,,9:20:00,,9:22:00
,普通,温泉,都会,9:03:00,9:04:00,9:04:30,9:05:30,9:06:00,9:07:00,9:07:30,9:08:30,9:09:00,9:10:00,9:10:30,9:11:30,9:12:00,9:13:00,9:13:30,9:14:30,9:15:00,9:16:30,9:16:50,9:18:20,9:18:40,9:20:10,9:20:40,9:22:40,9:23:00,9:25:00,9:25:20,9:27:20,9:27:40,9:29:40
,普通,町中,都会,9:07:00,9:08:00,9:08:30,9:09:30,9:10:00,9:11:00,9:11:30,9:12:30,9:13:00,9:14:00,9:14:30,9:15:30,9:16:00,9:17:00,9:17:30,9:18:30,,,,,,,,,,,,,,
,急行,温泉,都会,9:15:00,9:16:00,,9:17:00,,9:18:00,,9:19:00,,9:20:00,,9:21:00,9:21:30,9:22:30,,9:23:30,9:24:00,9:25:30,,9:27:00,,9:28:30,9:29:00,9:31:00,,9:33:00,,9:35:00,,9:37:00
,普通,温泉,都会,9:18:00,9:19:00,9:19:30,9:20:30,9:21:00,9:22:00,9:22:30,9:23:30,9:24:00,9:25:00,9:25:30,9:26:30,9:27:00,9:28:00,9:28:30,9:29:30,9:30:00,9:31:30,9:31:50,9:33:20,9:33:40,9:35:10,9:35:40,9:37:40,9:38:00,9:40:00,9:40:20,9:42:20,9:42:40,9:44:40
,普通,町中,都会,9:22:00,9:23:00,9:23:30,9:24:30,9:25:00,9:26:00,9:26:30,9:27:30,9:28:00,9:29:00,9:29:30,9:30:30,9:31:00,9:32:00,9:32:30,9:33:30,,,,,,,,,,,,,,
,急行,温泉,都会,9:30:00,9:31:00,,9:32:00,,9:33:00,,9:34:00,,9:35:00,,9:36:00,9:36:30,9:37:30,,9:38:30,9:39:00,9:40:30,,9:42:00,,9:43:30,9:44:00,9:46:00,,9:48:00,,9:50:00,,9:52:00
,普通,温泉,都会,9:33:00,9:34:00,9:34:30,9:35:30,9:36:00,9:37:00,9:37:30,9:38:30,9:39:00,9:40:00,9:40:30,9:41:30,9:42:00,9:43:00,9:43:30,9:44:30,9:45:00,9:46:30,9:46:50,9:48:20,9:48:40,9:50:10,9:50:40,9:52:40,9:53:00,9:55:00,9:55:20,9:57:20,9:57:40,9:59:40
,普通,町中,都会,9:37:00,9:38:00,9:38:30,9:39:30,9:40:00,9:41:00,9:41:30,9:42:30,9:43:00,9:44:00,9:44:30,9:45:30,9:46:00,9:47:00,9:47:30,9:48:30,,,,,,,,,,,,,,
,急行,温泉,都会,9:45:00,9:46:00,,9:47:00,,9:48:00,,9:49:00,,9:50:00,,9:51:00,9:51:30,9:52:30,,9:53:30,9:54:00,9:55:30,,9:57:00,,9:58:30,9:59:00,10:01:00,,10:03:00,,10:05:00,,10:07:00
,普通,温泉,都会,9:48:00,9:49:00,9:49:30,9:50:30,9:51:00,9:52:00,9:52:30,9:53:30,9:54:00,9:55:00,9:55:30,9:56:30,9:57:00,9:58:00,9:58:30,9:59:30,10:00:00,10:01:30,10:01:50,10:03:20,10:03:40,10:05:10,10:05:40,10:07:40,10:08:00,10:10:00,10:10:20,10:12:20,10:12:40,10:14:40
,普通,町中,都会,9:52:00,9:53:00,9:53:30,9:54:30,9:55:00,9:56:00,9:56:30,9:57:30,9:58:00,9:59:00,9:59:30,10:00:30,10:01:00,10:02:00,10:02:30,10:03:30,,,,,,,,,,,,,,
,急行,温泉,都会,10:00:00,10:01:00,,10:02:00,,10:03:00,,10:04:00,,10:05:00,,10:06:00,10:06:30,10:07:30,,10:08:30,10:09:00,10:10:30,,10:12:00,,10:13:30,10:14:00,10:16:00,,10:18:00,,10:20:00,,10:22:00
,普通,温泉,都会,10:03:00,10:04:00,10:04:30,10:05:30,10:06:00,10:07:00,10:07:30,10:08:30,10:09:00,10:10:00,10:10:30,10:11:30,10:12:00,10:13:00,10:13:30,10:14:30,10:15:00,10:16:30,10:16:50,10:18:20,10:18:40,10:20:10,10:20:40,10:22:40,10:23:00,10:25:00,10:25:20,10:27:20,10:27:40,10:29:40
,普通,町中,都会,10:07:00,10:08:00,10:08:30,10:09:30,10:10:00,10:11:00,10:11:30,10:12:30,10:13:00,10:14:00,10:14:30,10:15:30,10:16:00,10:17:00,10:17:30,10:18:30,,,,,,,,,,,,,,
,急行,温泉,都会,10:15:00,10:16:00,,10:17:00,,10:18:00,,10:19:00,,10:20:00,,10:21:00,10:21:30,10:22:30,,10:23:30,10:24:00,10:25:30,,10:27:00,,10:28:30,10:29:00,10:31:00,,10:33:00,,10:35:00,,10:37:00
,普通,温泉,都会,10:18:00,10:19:00,10:19:30,10:20:30,10:21:00,10:22:00,10:22:30,10:23:30,10:24:00,10:25:00,10:25:30,10:26:30,10:27:00,10:28:00,10:28:30,10:29:30,10:30:00,10:31:30,10:31:50,10:33:20,10:33:40,10:35:10,10:35:40,10:37:40,10:38:00,10:40:00,10:40:20,10:42:20,10:42:40,10:44:40
,普通,町中,都会,10:22:00,10:23:00,10:23:30,10:24:30,10:25:00,10:26:00,10:26:30,10:27:30,10:28:00,10:29:00,10:29:30,10:30:30,10:31:00,10:32:00,10:32:30,10:33:30,,,,,,,,,,,,,,
,急行,温泉,都会,10:30:00,10:31:00,,10:32:00,,10:33:00,,10:34:00,,10:35:00,,10:36:00,10:36:30,10:37:30,,10:38:30,10:39:00,10:40:30,,10:42:00,,10:43:30,10:44:00,10:46:00,,10:48:00,,10:50:00,,10:52:00
,普通,温泉,都会,10:33:00,10:34:00,10:34:30,10:35:30,10:36:00,10:37:00,10:37:30,10:38:30,10:39:00,10:40:00,10:40:30,10:41:30,10:42:00,10:43:00,10:43:30,10:44:30,10:45:00,10:46:30,10:46:50,10:48:20,10:48:40,10:50:10,10:50:40,10:52:40,10:53:00,10:55:00,10:55:20,10:57:20,10:57:40,10:59:40
,普通,町中,都会,10:37:00,10:38:00,10:38:30,10:39:30,10:40:00,10:41:00,10:41:30,10:42:30,10:43:00,10:44:00,10:44:30,10:45:30,10:46:00,10:47:00,10:47:30,10:48:30,,,,,,,,,,,,,,
,急行,温泉,都会,10:45:00,10:46:00,,10:47:00,,10:48:00,,10:49:00,,10:50:00,,10:51:00,10:51:30,10:52:30,,10:53:30,10:54:00,10:55:30,,10:57:00,,10:58:30,10:59:00,11:01:00,,11:03:00,,11:05:00,,11:07:00
,普通,温泉,都会,10:48:00,10:49:00,10:49:30,10:50:30,10:51:00,10:52:00,10:52:30,10:53:30,10:54:00,10:55:00,10:55:30,10:56:30,10:57:00,10:58:00,10:58:30,10:59:30,11:00:00,11:01:30,11:01:50,11:03:20,11:03:40,11:05:10,11:05:40,11:07:40,11:08:00,11:10:00,11:10:20,11:12:20,11:12:40,11:14:40
,普通,町中,都会,10:52:00,10:53:00,10:53:30,10:54:30,10:55:00,10:56:00,10:56:30,10:57:30,10:58:00,10:59:00,10:59:30,11:00:30,11:01:00,11:02:00,11:02:30,11:03:30,,,,,,,,,,,,,,
,急行,温泉,都会,11:00:00,11:01:00,,11:02:00,,11:03:00,,11:04:00,,11:05:00,,11:06:00,11:06:30,11:07:30,,11:08:30,11:09:00,11:10:30,,11:12:00,,11:13:30,11:14:00,11:16:00,,11:18:00,,11:20:00,,11:22:00
,普通,温泉,都会,11:03:00,11:04:00,11:04:30,11:05:30,11:06:00,11:07:00,11:07:30,11:08:30,11:09:00,11:10:00,11:10:30,11:11:30,11:12:00,11:13:00,11:13:30,11:14:30,11:15:00,11:16:30,11:16:50,11:18:20,11:18:40,11:20:10,11:20:40,11:22:40,11:23:00,11:25:00,11:25:20,11:27:20,11:27:40,11:29:40
,普通,町中,都会,11:07:00,11:08:00,11:08:30,11:09:30,11:10:00,11:11:00,11:11:30,11:12:30,11:13:00,11:14:00,11:14:30,11:15:30,11:16:00,11:17:00,11:17:30,11:18:30,,,,,,,,,,,,,,
,急行,温泉,都会,11:15:00,11:16:00,,11:17:00,,11:18:00,,11:19:00,,11:20:00,,11:21:00,11:21:30,11:22:30,,11:23:30,11:24:00,11:25:30,,11:27:00,,11:28:30,11:29:00,11:31:00,,11:33:00,,11:35:00,,11:37:00
,普通,温泉,都会,11:18:00,11:19:00,11:19:30,11:20:30,11:21:00,11:22:00,11:22:30,11:23:30,11:24:00,11:25:00,11:25:30,11:26:30,11:27:00,11:28:00,11:28:30,11:29:30,11:30:00,11:31:30,11:31:50,11:33:20,11:33:40,11:35:10,11:35:40,11:37:40,11:38:00,11:40:00,11:40:20,11:42:20,11:42:40,11:44:40
,普通,町中,都会,11:22:00,11:23:00,11:23:30,11:24:30,11:25:00,11:26:00,11:26:30,11:27:30,11:28:00,11:29:00,11:29:30,11:30:30,11:31:00,11:32:00,11:32:30,11:33:30,,,,,,,,,,,,,,
,急行,温泉,都会,11:30:00,11:31:00,,11:32:00,,11:33:00,,11:34:00,,11:35:00,,11:36:00,11:36:30,11:37:30,,11:38:30,11:39:00,11:40:30,,11:42:00,,11:43:30,11:44:00,11:46:00,,11:48:00,,11:50:00,,11:52:00
,普通,温泉,都会,11:33:00,11:34:00,11:34:30,11:35:30,11:36:00,11:37:00,11:37:30,11:38:30,11:39:00,11:40:00,11:40:30,11:41:30,11:42:00,11:43:00,11:43:30,11:44:30,11:45:00,11:46:30,11:46:50,11:48:20,11:48:40,11:50:10,11:50:40,11:52:40,11:53:00,11:55:00,11:55:20,11:57:20,11:57:40,11:59:40
,普通,町中,都会,11:37:00,11:38:00,11:38:30,11:39:30,11:40:00,11:41:00,11:41:30,11:42:30,11:43:00,11:44:00,11:44:30,11:45:30,11:46:00,11:47:00,11:47:30,11:48:30,,,,,,,,,,,,,,
,急行,温泉,都会,11:45:00,11:46:00,,11:47:00,,11:48:00,,11:49:00,,11:50:00,,11:51:00,11:51:30,11:52:30,,11:53:30,11:54:00,11:55:30,,11:57:00,,11:58:30,11:59:00,12:01:00,,12:03:00,,12:05:00,,12:07:00
,普通,温泉,都会,11:48:00,11:49:00,11:49:30,11:50:30,11:51:00,11:52:00,11:52:30,11:53:30,11:54:00,11:55:00,11:55:30,11:56:30,11:57:00,11:58:00,11:58:30,11:59:30,12:00:00,12:01:30,12:01:50,12:03:20,12:03:40,12:05:10,12:05:40,12:07:40,12:08:00,12:10:00,12:10:20,12:12:20,12:12:40,12:14:40
,普通,町中,都会,11:52:00,11:53:00,11:53:30,11:54:30,11:55:00,11:56:00,11:56:30,11:57:30,11:58:00,11:59:00,11:59:30,12:00:30,12:01:00,12:02:00,12:02:30,12:03:30,,,,,,,,,,,,,,
,急行,温泉,都会,12:00:00,12:01:00,,12:02:00,,12:03:00,,12:04:00,,12:05:00,,12:06:00,12:06:30,12:07:30,,12:08:30,12:09:00,12:10:30,,12:12:00,,12:13:30,12:14:00,12:16:00,,12:18:00,,12:20:00,,12:22:00
,普通,温泉,都会,12:03:00,12:04:00,12:04:30,12:05:30,12:06:00,12:07:00,12:07:30,12:08:30,12:09:00,12:10:00,12:10:30,12:11:30,12:12:00,12:13:00,12:13:30,12:14:30,12:15:00,12:16:30,12:16:50,12:18:20,12:18:40,12:20:10,12:20:40,12:22:40,12:23:00,12:25:00,12:25:20,12:27:20,12:27:40,12:29:40
1,普通,町中,都会,12:07:00,12:08:00,12:08:30,12:09:30,12:10:00,12:11:00,12:11:30,12:12:30,12:13:00,12:14:00,12:14:30,12:15:30,12:16:00,12:17:00,12:17:30,12:18:30,,,,,,,,,,,,,,
101,急行,温泉,都会,12:15:00,12:16:00,,12:17:00,,12:18:00,,12:19:00,,12:20:00,,12:21:00,12:21:30,12:22:30,,12:23:30,12:24:00,12:25:30,,12:27:00,,12:28:30,12:29:00,12:31:00,,12:33:00,,12:35:00,,12:37:00
301,普通,温泉,都会,12:18:00,12:19:00,12:19:30,12:20:30,12:21:00,12:22:00,12:22:30,12:23:30,12:24:00,12:25:00,12:25:30,12:26:30,12:27:00,12:28:00,12:28:30,12:29:30,12:30:00,12:31:30,12:31:50,12:33:20,12:33:40,12:35:10,12:35:40,12:37:40,12:38:00,12:40:00,12:40:20,12:42:20,12:42:40,12:44:40
,普通,町中,都会,12:22:00,12:23:00,12:23:30,12:24:30,12:25:00,12:26:00,12:26:30,12:27:30,12:28:00,12:29:00,12:29:30,12:30:30,12:31:00,12:32:00,12:32:30,12:33:30,,,,,,,,,,,,,,
,急行,温泉,都会,12:30:00,12:31:00,,12:32:00,,12:33:00,,12:34:00,,12:35:00,,12:36:00,12:36:30,12:37:30,,12:38:30,12:39:00,12:40:30,,12:42:00,,12:43:30,12:44:00,12:46:00,,12:48:00,,12:50:00,,12:52:00
,普通,温泉,都会,12:33:00,12:34:00,12:34:30,12:35:30,12:36:00,12:37:00,12:37:30,12:38:30,12:39:00,12:40:00,12:40:30,12:41:30,12:42:00,12:43:00,12:43:30,12:44:30,12:45:00,12:46:30,12:46:50,12:48:20,12:48:40,12:50:10,12:50:40,12:52:40,12:53:00,12:55:00,12:55:20,12:57:20,12:57:40,12:59:40
,普通,町中,都会,12:37:00,12:38:00,12:38:30,12:39:30,12:40:00,12:41:00,12:41:30,12:42:30,12:43:00,12:44:00,12:44:30,12:45:30,12:46:00,12:47:00,12:47:30,12:48:30,,,,,,,,,,,,,,
,急行,温泉,都会,12:45:00,12:46:00,,12:47:00,,12:48:00,,12:49:00,,12:50:00,,12:51:00,12:51:30,12:52:30,,12:53:30,12:54:00,12:55:30,,12:57:00,,12:58:30,12:59:00,13:01:00,,13:03:00,,13:05:00,,13:07:00
,普通,温泉,都会,12:48:00,12:49:00,12:49:30,12:50:30,12:51:00,12:52:00,12:52:30,12:53:30,12:54:00,12:55:00,12:55:30,12:56:30,12:57:00,12:58:00,12:58:30,12:59:30,13:00:00,13:01:30,13:01:50,13:03:20,13:03:40,13:05:10,13:05:40,13:07:40,13:08:00,13:10:00,13:10:20,13:12:20,13:12:40,13:14:40
,普通,町中,都会,12:52:00,12:53:00,12:53:30,12:54:30,12:55:00,12:56:00,12:56:30,12:57:30,12:58:00,12:59:00,12:59:30,13:00:30,13:01:00,13:02:00,13:02:30,13:03:30,,,,,,,,,,,,,,
,急行,温泉,都会,13:00:00,13:01:00,,13:02:00,,13:03:00,,13:04:00,,13:05:00,,13:06:00,13:06:30,13:07:30,,13:08:30,13:09:00,13:10:30,,13:12:00,,13:13:30,13:14:00,13:16:00,,13:18:00,,13:20:00,,13:22:00
,普通,温泉,都会,13:03:00,13:04:00,13:04:30,13:05:30,13:06:00,13:07:00,13:07:30,13:08:30,13:09:00,13:10:00,13:10:30,13:11:30,13:12:00,13:13:00,13:13:30,13:14:30,13:15:00,13:16:30,13:16:50,13:18:20,13:18:40,13:20:10,13:20:40,13:22:40,13:23:00,13:25:00,13:25:20,13:27:20,13:27:40,13:29:40
,普通,町中,都会,13:07:00,13:08:00,13:08:30,13:09:30,13:10:00,13:11:00,13:11:30,13:12:30,13:13:00,13:14:00,13:14:30,13:15:30,13:16:00,13:17:00,13:17:30,13:18:30,,,,,,,,,,,,,,
,急行,温泉,都会,13:15:00,13:16:00,,13:17:00,,13:18:00,,13:19:00,,13:20:00,,13:21:00,13:21:30,13:22:30,,13:23:30,13:24:00,13:25:30,,13:27:00,,13:28:30,13:29:00,13:31:00,,13:33:00,,13:35:00,,13:37:00
,普通,温泉,都会,13:18:00,13:19:00,13:19:30,13:20:30,13:21:00,13:22:00,13:22:30,13:23:30,13:24:00,13:25:00,13:25:30,13:26:30,13:27:00,13:28:00,13:28:30,13:29:30,13:30:00,13:31:30,13:31:50,13:33:20,13:33:40,13:35:10,13:35:40,13:37:40,13:38:00,13:40:00,13:40:20,13:42:20,13:42:40,13:44:40
,普通,町中,都会,13:22:00,13:23:00,13:23:30,13:24:30,13:25:00,13:26:00,13:26:30,13:27:30,13:28:00,13:29:00,13:29:30,13:30:30,13:31:00,13:32:00,13:32:30,13:33:30,,,,,,,,,,,,,,
,急行,温泉,都会,13:30:00,13:31:00,,13:32:00,,13:33:00,,13:34:00,,13:35:00,,13:36:00,13:36:30,13:37:30,,13:38:30,13:39:00,13:40:30,,13:42:00,,13:43:30,13:44:00,13:46:00,,13:48:00,,13:50:00,,13:52:00
,普通,温泉,都会,13:33:00,13:34:00,13:34:30,13:35:30,13:36:00,13:37:00,13:37:30,13:38:30,13:39:00,13:40:00,13:40:30,13:41:30,13:42:00,13:43:00,13:43:30,13:44:30,13:45:00,13:46:30,13:46:50,13:48:20,13:48:40,13:50:10,13:50:40,13:52:40,13:53:00,13:55:00,13:55:20,13:57:20,13:57:40,13:59:40
,普通,町中,都会,13:37:00,13:38:00,13:38:30,13:39:30,13:40:00,13:41:00,13:41:30,13:42:30,13:43:00,13:44:00,13:44:30,13:45:30,13:46:00,13:47:00,13:47:30,13:48:30,,,,,,,,,,,,,,
,急行,温泉,都会,13:45:00,13:46:00,,13:47:00,,13:48:00,,13:49:00,,13:50:00,,13:51:00,13:51:30,13:52:30,,13:53:30,13:54:00,13:55:30,,13:57:00,,13:58:30,13:59:00,14:01:00,,14:03:00,,14:05:00,,14:07:00
,普通,温泉,都会,13:48:00,13:49:00,13:49:30,13:50:30,13:51:00,13:52:00,13:52:30,13:53:30,13:54:00,13:55:00,13:55:30,13:56:30,13:57:00,13:58:00,13:58:30,13:59:30,14:00:00,14:01:30,14:01:50,14:03:20,14:03:40,14:05:10,14:05:40,14:07:40,14:08:00,14:10:00,14:10:20,14:12:20,14:12:40,14:14:40
,普通,町中,都会,13:52:00,13:53:00,13:53:30,13:54:30,13:55:00,13:56:00,13:56:30,13:57:30,13:58:00,13:59:00,13:59:30,14:00:30,14:01:00,14:02:00,14:02:30,14:03:30,,,,,,,,,,,,,,
,急行,温泉,都会,14:00:00,14:01:00,,14:02:00,,14:03:00,,14:04:00,,14:05:00,,14:06:00,14:06:30,14:07:30,,14:08:30,14:09:00,14:10:30,,14:12:00,,14:13:30,14:14:00,14:16:00,,14:18:00,,14:20:00,,14:22:00
,普通,温泉,都会,14:03:00,14:04:00,14:04:30,14:05:30,14:06:00,14:07:00,14:07:30,14:08:30,14:09:00,14:10:00,14:10:30,14:11:30,14:12:00,14:13:00,14:13:30,14:14:30,14:15:00,14:16:30,14:16:50,14:18:20,14:18:40,14:20:10,14:20:40,14:22:40,14:23:00,14:25:00,14:25:20,14:27:20,14:27:40,14:29:40
,普通,町中,都会,14:07:00,14:08:00,14:08:30,14:09:30,14:10:00,14:11:00,14:11:30,14:12:30,14:13:00,14:14:00,14:14:30,14:15:30,14:16:00,14:17:00,14:17:30,14:18:30,,,,,,,,,,,,,,
,急行,温泉,都会,14:15:00,14:16:00,,14:17:00,,14:18:00,,14:19:00,,14:20:00,,14:21:00,14:21:30,14:22:30,,14:23:30,14:24:00,14:25:30,,14:27:00,,14:28:30,14:29:00,14:31:00,,14:33:00,,14:35:00,,14:37:00
,普通,温泉,都会,14:18:00,14:19:00,14:19:30,14:20:30,14:21:00,14:22:00,14:22:30,14:23:30,14:24:00,14:25:00,14:25:30,14:26:30,14:27:00,14:28:00,14:28:30,14:29:30,14:30:00,14:31:30,14:31:50,14:33:20,14:33:40,14:35:10,14:35:40,14:37:40,14:38:00,14:40:00,14:40:20,14:42:20,14:42:40,14:44:40
,普通,町中,都会,14:22:00,14:23:00,14:23:30,14:24:30,14:25:00,14:26:00,14:26:30,14:27:30,14:28:00,14:29:00,14:29:30,14:30:30,14:31:00,14:32:00,14:32:30,14:33:30,,,,,,,,,,,,,,
,急行,温泉,都会,14:30:00,14:31:00,,14:32:00,,14:33:00,,14:34:00,,14:35:00,,14:36:00,14:36:30,14:37:30,,14:38:30,14:39:00,14:40:30,,14:42:00,,14:43:30,14:44:00,14:46:00,,14:48:00,,14:50:00,,14:52:00
,普通,温泉,都会,14:33:00,14:34:00,14:34:30,14:35:30,14:36:00,14:37:00,14:37:30,14:38:30,14:39:00,14:40:00,14:40:30,14:41:30,14:42:00,14:43:00,14:43:30,14:44:30,14:45:00,14:46:30,14:46:50,14:48:20,14:48:40,14:50:10,14:50:40,14:52:40,14:53:00,14:55:00,14:55:20,14:57:20,14:57:40,14:59:40
,普通,町中,都会,14:37:00,14:38:00,14:38:30,14:39:30,14:40:00,14:41:00,14:41:30,14:42:30,14:43:00,14:44:00,14:44:30,14:45:30,14:46:00,14:47:00,14:47:30,14:48:30,,,,,,,,,,,,,,
,急行,温泉,都会,14:45:00,14:46:00,,14:47:00,,14:48:00,,14:49:00,,14:50:00,,14:51:00,14:51:30,14:52:30,,14:53:30,14:54:00,14:55:30,,14:57:00,,14:58:30,14:59:00,15:01:00,,15:03:00,,15:05:00,,15:07:00
,普通,温泉,都会,14:48:00,14:49:00,14:49:30,14:50:30,14:51:00,14:52:00,14:52:30,14:53:30,14:54:00,14:55:00,14:55:30,14:56:30,14:57:00,14:58:00,14:58:30,14:59:30,15:00:00,15:01:30,15:01:50,15:03:20,15:03:40,15:05:10,15:05:40,15:07:40,15:08:00,15:10:00,15:10:20,15:12:20,15:12:40,15:14:40
,普通,町中,都会,14:52:00,14:53:00,14:53:30,14:54:30,14:55:00,14:56:00,14:56:30,14:57:30,14:58:00,14:59:00,14:59:30,15:00:30,15:01:00,15:02:00,15:02:30,15:03:30,,,,,,,,,,,,,,
,急行,温泉,都会,15:00:00,15:01:00,,15:02:00,,15:03:00,,15:04:00,,15:05:00,,15:06:00,15:06:30,15:07:30,,15:08:30,15:09:00,15:10:30,,15:12:00,,15:13:30,15:14:00,15:16:00,,15:18:00,,15:20:00,,15:22:00
,普通,温泉,都会,15:03:00,15:04:00,15:04:30,15:05:30,15:06:00,15:07:00,15:07:30,15:08:30,15:09:00,15:10:00,15:10:30,15:11:30,15:12:00,15:13:00,15:13:30,15:14:30,15:15:00,15:16:30,15:16:50,15:18:20,15:18:40,15:20:10,15:20:40,15:22:40,15:23:00,15:25:00,15:25:20,15:27:20,15:27:40,15:29:40
,普通,町中,都会,15:07:00,15:08:00,15:08:30,15:09:30,15:10:00,15:11:00,15:11:30,15:12:30,15:13:00,15:14:00,15:14:30,15:15:30,15:16:00,15:17:00,15:17:30,15:18:30,,,,,,,,,,,,,,
,急行,温泉,都会,15:15:00,15:16:00,,15:17:00,,15:18:00,,15:19:00,,15:20:00,,15:21:00,15:21:30,15:22:30,,15:23:30,15:24:00,15:25:30,,15:27:00,,15:28:30,15:29:00,15:31:00,,15:33:00,,15:35:00,,15:37:00
,普通,温泉,都会,15:18:00,15:19:00,15:19:30,15:20:30,15:21:00,15:22:00,15:22:30,15:23:30,15:24:00,15:25:00,15:25:30,15:26:30,15:27:00,15:28:00,15:28:30,15:29:30,15:30:00,15:31:30,15:31:50,15:33:20,15:33:40,15:35:10,15:35:40,15:37:40,15:38:00,15:40:00,15:40:20,15:42:20,15:42:40,15:44:40
,普通,町中,都会,15:22:00,15:23:00,15:23:30,15:24:30,15:25:00,15:26:00,15:26:30,15:27:30,15:28:00,15:29:00,15:29:30,15:30:30,15:31:00,15:32:00,15:32:30,15:33:30,,,,,,,,,,,,,,
,急行,温泉,都会,15:30:00,15:31:00,,15:32:00,,15:33:00,,15:34:00,,15:35:00,,15:36:00,15:36:30,15:37:30,,15:38:30,15:39:00,15:40:30,,15:42:00,,15:43:30,15:44:00,15:46:00,,15:48:00,,15:50:00,,15:52:00
,普通,温泉,都会,15:33:00,15:34:00,15:34:30,15:35:30,15:36:00,15:37:00,15:37:30,15:38:30,15:39:00,15:40:00,15:40:30,15:41:30,15:42:00,15:43:00,15:43:30,15:44:30,15:45:00,15:46:30,15:46:50,15:48:20,15:48:40,15:50:10,15:50:40,15:52:40,15:53:00,15:55:00,15:55:20,15:57:20,15:57:40,15:59:40
,普通,町中,都会,15:37:00,15:38:00,15:38:30,15:39:30,15:40:00,15:41:00,15:41:30,15:42:30,15:43:00,15:44:00,15:44:30,15:45:30,15:46:00,15:47:00,15:47:30,15:48:30,,,,,,,,,,,,,,
,急行,温泉,都会,15:45:00,15:46:00,,15:47:00,,15:48:00,,15:49:00,,15:50:00,,15:51:00,15:51:30,15:52:30,,15:53:30,15:54:00,15:55:30,,15:57:00,,15:58:30,15:59:00,16:01:00,,16:03:00,,16:05:00,,16:07:00
,普通,温泉,都会,15:48:00,15:49:00,15:49:30,15:50:30,15:51:00,15:52:00,15:52:30,15:53:30,15:54:00,15:55:00,15:55:30,15:56:30,15:57:00,15:58:00,15:58:30,15:59:30,16:00:00,16:01:30,16:01:50,16:03:20,16:03:40,16:05:10,16:05:40,16:07:40,16:08:00,16:10:00,16:10:20,16:12:20,16:12:40,16:14:40
,普通,町中,都会,15:52:00,15:53:00,15:53:30,15:54:30,15:55:00,15:56:00,15:56:30,15:57:30,15:58:00,15:59:00,15:59:30,16:00:30,16:01:00,16:02:00,16:02:30,16:03:30,,,,,,,,,,,,,,
,急行,温泉,都会,16:00:00,16:01:00,,16:02:00,,16:03:00,,16:04:00,,16:05:00,,16:06:00,16:06:30,16:07:30,,16:08:30,16:09:00,16:10:30,,16:12:00,,16:13:30,16:14:00,16:16:00,,16:18:00,,16:20:00,,16:22:00
,普通,温泉,都会,16:03:00,16:04:00,16:04:30,16:05:30,16:06:00,16:07:00,16:07:30,16:08:30,16:09:00,16:10:00,16:10:30,16:11:30,16:12:00,16:13:00,16:13:30,16:14:30,16:15:00,16:16:30,16:16:50,16:18:20,16:18:40,16:20:10,16:20:40,16:22:40,16:23:00,16:25:00,16:25:20,16:27:20,16:27:40,16:29:40
,普通,町中,都会,16:07:00,16:08:00,16:08:30,16:09:30,16:10:00,16:11:00,16:11:30,16:12:30,16:13:00,16:14:00,16:14:30,16:15:30,16:16:00,16:17:00,16:17:30,16:18:30,,,,,,,,,,,,,,
,急行,温泉,都会,16:15:00,16:16:00,,16:17:00,,16:18:00,,16:19:00,,16:20:00,,16:21:00,16:21:30,16:22:30,,16:23:30,16:24:00,16:25:30,,16:27:00,,16:28:30,16:29:00,16:31:00,,16:33:00,,16:35:00,,16:37:00
,普通,温泉,都会,16:18:00,16:19:00,16:19:30,16:20:30,16:21:00,16:22:00,16:22:30,16:23:30,16:24:00,16:25:00,16:25:30,16:26:30,16:27:00,16:28:00,16:28:30,16:29:30,16:30:00,16:31:30,16:31:50,16:33:20,16:33:40,16:35:10,16:35:40,16:37:40,16:38:00,16:40:00,16:40:20,16:42:20,16:42:40,16:44:40
,普通,町中,都会,16:22:00,16:23:00,16:23:30,16:24:30,16:25:00,16:26:00,16:26:30,16:27:30,16:28:00,16:29:00,16:29:30,16:30:30,16:31:00,16:32:00,16:32:30,16:33:30,,,,,,,,,,,,,,
,急行,温泉,都会,16:30:00,16:31:00,,16:32:00,,16:33:00,,16:34:00,,16:35:00,,16:36:00,16:36:30,16:37:30,,16:38:30,16:39:00,16:40:30,,16:42:00,,16:43:30,16:44:00,16:46:00,,16:48:00,,16:50:00,,16:52:00
,普通,温泉,都会,16:33:00,16:34:00,16:34:30,16:35:30,16:36:00,16:37:00,16:37:30,16:38:30,16:39:00,16:40:00,16:40:30,16:41:30,16:42:00,16:43:00,16:43:30,16:44:30,16:45:00,16:46:30,16:46:50,16:48:20,16:48:40,16:50:10,16:50:40,16:52:40,16:53:00,16:55:00,16:55:20,16:57:20,16:57:40,16:59:40
,普通,町中,都会,16:37:00,16:38:00,16:38:30,16:39:30,16:40:00,16:41:00,16:41:30,16:42:30,16:43:00,16:44:00,16:44:30,16:45:30,16:46:00,16:47:00,16:47:30,16:48:30,,,,,,,,,,,,,,
,急行,温泉,都会,16:45:00,16:46:00,,16:47:00,,16:48:00,,16:49:00,,16:50:00,,16:51:00,16:51:30,16:52:30,,16:53:30,16:54:00,16:55:30,,16:57:00,,16:58:30,16:59:00,17:01:00,,17:03:00,,17:05:00,,17:07:00
,普通,温泉,都会,16:48:00,16:49:00,16:49:30,16:50:30,16:51:00,16:52:00,16:52:30,16:53:30,16:54:00,16:55:00,16:55:30,16:56:30,16:57:00,16:58:00,16:58:30,16:59:30,17:00:00,17:01:30,17:01:50,17:03:20,17:03:40,17:05:10,17:05:40,17:07:40,17:08:00,17:10:00,17:10:20,17:12:20,17:12:40,17:14:40
,普通,町中,都会,16:52:00,16:53:00,16:53:30,16:54:30,16:55:00,16:56:00,16:56:30,16:57:30,16:58:00,16:59:00,16:59:30,17:00:30,17:01:00,17:02:00,17:02:30,17:03:30,,,,,,,,,,,,,,
,急行,温泉,都会,17:00:00,17:01:00,,17:02:00,,17:03:00,,17:04:00,,17:05:00,,17:06:00,17:06:30,17:07:30,,17:08:30,17:09:00,17:10:30,,17:12:00,,17:13:30,17:14:00,17:16:00,,17:18:00,,17:20:00,,17:22:00
,普通,温泉,都会,17:03:00,17:04:00,17:04:30,17:05:30,17:06:00,17:07:00,17:07:30,17:08:30,17:09:00,17:10:00,17:10:30,17:11:30,17:12:00,17:13:00,17:13:30,17:14:30,17:15:00,17:16:30,17:16:50,17:18:20,17:18:40,17:20:10,17:20:40,17:22:40,17:23:00,17:25:00,17:25:20,17:27:20,17:27:40,17:29:40
,普通,町中,都会,17:07:00,17:08:00,17:08:30,17:09:30,17:10:00,17:11:00,17:11:30,17:12:30,17:13:00,17:14:00,17:14:30,17:15:30,17:16:00,17:17:00,17:17:30,17:18:30,,,,,,,,,,,,,,
,急行,温泉,都会,17:15:00,17:16:00,,17:17:00,,17:18:00,,17:19:00,,17:20:00,,17:21:00,17:21:30,17:22:30,,17:23:30,17:24:00,17:25:30,,17:27:00,,17:28:30,17:29:00,17:31:00,,17:33:00,,17:35:00,,17:37:00
,普通,温泉,都会,17:18:00,17:19:00,17:19:30,17:20:30,17:21:00,17:22:00,17:22:30,17:23:30,17:24:00,17:25:00,17:25:30,17:26:30,17:27:00,17:28:00,17:28:30,17:29:30,17:30:00,17:31:30,17:31:50,17:33:20,17:33:40,17:35:10,17:35:40,17:37:40,17:38:00,17:40:00,17:40:20,17:42:20,17:42:40,17:44:40
,普通,町中,都会,17:22:00,17:23:00,17:23:30,17:24:30,17:25:00,17:26:00,17:26:30,17:27:30,17:28:00,17:29:00,17:29:30,17:30:30,17:31:00,17:32:00,17:32:30,17:33:30,,,,,,,,,,,,,,
,急行,温泉,都会,17:30:00,17:31:00,,17:32:00,,17:33:00,,17:34:00,,17:35:00,,17:36:00,17:36:30,17:37:30,,17:38:30,17:39:00,17:40:30,,17:42:00,,17:43:30,17:44:00,17:46:00,,17:48:00,,17:50:00,,17:52:00
,普通,温泉,都会,17:33:00,17:34:00,17:34:30,17:35:30,17:36:00,17:37:00,17:37:30,17:38:30,17:39:00,17:40:00,17:40:30,17:41:30,17:42:00,17:43:00,17:43:30,17:44:30,17:45:00,17:46:30,17:46:50,17:48:20,17:48:40,17:50:10,17:50:40,17:52:40,17:53:00,17:55:00,17:55:20,17:57:20,17:57:40,17:59:40
,普通,町中,都会,17:37:00,17:38:00,17:38:30,17:39:30,17:40:00,17:41:00,17:41:30,17:42:30,17:43:00,17:44:00,17:44:30,17:45:30,17:46:00,17:47:00,17:47:30,17:48:30,,,,,,,,,,,,,,
,急行,温泉,都会,17:45:00,17:46:00,,17:47:00,,17:48:00,,17:49:00,,17:50:00,,17:51:00,17:51:30,17:52:30,,17:53:30,17:54:00,17:55:30,,17:57:00,,17:58:30,17:59:00,18:01:00,,18:03:00,,18:05:00,,18:07:00
,普通,温泉,都会,17:48:00,17:49:00,17:49:30,17:50:30,17:51:00,17:52:00,17:52:30,17:53:30,17:54:00,17:55:00,17:55:30,17:56:30,17:57:00,17:58:00,17:58:30,17:59:30,18:00:00,18:01:30,18:01:50,18:03:20,18:03:40,18:05:10,18:05:40,18:07:40,18:08:00,18:10:00,18:10:20,18:12:20,18:12:40,18:14:40
,普通,町中,都会,17:52:00,17:53:00,17:53:30,17:54:30,17:55:00,17:56:00,17:56:30,17:57:30,17:58:00,17:59:00,17:59:30,18:00:30,18:01:00,18:02:00,18:02:30,18:03:30,,,,,,,,,,,,,,
,急行,温泉,都会,18:00:00,18:01:00,,18:02:00,,18:03:00,,18:04:00,,18:05:00,,18:06:00,18:06:30,18:07:30,,18:08:30,18:09:00,18:10:30,,18:12:00,,18:13:30,18:14:00,18:16:00,,18:18:00,,18:20:00,,18:22:00
,普通,温泉,都会,18:03:00,18:04:00,18:04:30,18:05:30,18:06:00,18:07:00,18:07:30,18:08:30,18:09:00,18:10:00,18:10:30,18:11:30,18:12:00,18:13:00,18:13:30,18:14:30,18:15:00,18:16:30,18:16:50,18:18:20,18:18:40,18:20:10,18:20:40,18:22:40,18:23:00,18:25:00,18:25:20,18:27:20,18:27:40,18:29:40
,普通,町中,都会,18:07:00,18:08:00,18:08:30,18:09:30,18:10:00,18:11:00,18:11:30,18:12:30,18:13:00,18:14:00,18:14:30,18:15:30,18:16:00,18:17:00,18:17:30,18:18:30,,,,,,,,,,,,,,
,急行,温泉,都会,18:15:00,18:16:00,,18:17:00,,18:18:00,,18:19:00,,18:20:00,,18:21:00,18:21:30,18:22:30,,18:23:30,18:24:00,18:25:30,,18:27:00,,18:28:30,18:29:00,18:31:00,,18:33:00,,18:35:00,,18:37:00
,普通,温泉,都会,18:18:00,18:19:00,18:19:30,18:20:30,18:21:00,18:22:00,18:22:30,18:23:30,18:24:00,18:25:00,18:25:30,18:26:30,18:27:00,18:28:00,18:28:30,18:29:30,18:30:00,18:31:30,18:31:50,18:33:20,18:33:40,18:35:10,18:35:40,18:37:40,18:38:00,18:40:00,18:40:20,18:42:20,18:42:40,18:44:40
,普通,町中,都会,18:22:00,18:23:00,18:23:30,18:24:30,18:25:00,18:26:00,18:26:30,18:27:30,18:28:00,18:29:00,18:29:30,18:30:30,18:31:00,18:32:00,18:32:30,18:33:30,,,,,,,,,,,,,,
,急行,温泉,都会,18:30:00,18:31:00,,18:32:00,,18:33:00,,18:34:00,,18:35:00,,18:36:00,18:36:30,18:37:30,,18:38:30,18:39:00,18:40:30,,18:42:00,,18:43:30,18:44:00,18:46:00,,18:48:00,,18:50:00,,18:52:00
,普通,温泉,都会,18:33:00,18:34:00,18:34:30,18:35:30,18:36:00,18:37:00,18:37:30,18:38:30,18:39:00,18:40:00,18:40:30,18:41:30,18:42:00,18:43:00,18:43:30,18:44:30,18:45:00,18:46:30,18:46:50,18:48:20,18:48:40,18:50:10,18:50:40,18:52:40,18:53:00,18:55:00,18:55:20,18:57:20,18:57:40,18:59:40
,普通,町中,都会,18:37:00,18:38:00,18:38:30,18:39:30,18:40:00,18:41:00,18:41:30,18:42:30,18:43:00,18:44:00,18:44:30,18:45:30,18:46:00,18:47:00,18:47:30,18:48:30,,,,,,,,,,,,,,
,急行,温泉,都会,18:45:00,18:46:00,,18:47:00,,18:48:00,,18:49:00,,18:50:00,,18:51:00,18:51:30,18:52:30,,18:53:30,18:54:00,18:55:30,,18:57:00,,18:58:30,18:59:00,19:01:00,,19:03:00,,19:05:00,,19:07:00
,普通,温泉,都会,18:48:00,18:49:00,18:49:30,18:50:30,18:51:00,18:52:00,18:52:30,18:53:30,18:54:00,18:55:00,18:55:30,18:56:30,18:57:00,18:58:00,18:58:30,18:59:30,19:00:00,19:01:30,19:01:50,19:03:20,19:03:40,19:05:10,19:05:40,19:07:40,19:08:00,19:10:00,19:10:20,19:12:20,19:12:40,19:14:40
,普通,町中,都会,18:52:00,18:53:00,18:53:30,18:54:30,18:55:00,18:56:00,18:56:30,18:57:30,18:58:00,18:59:00,18:59:30,19:00:30,19:01:00,19:02:00,19:02:30,19:03:30,,,,,,,,,,,,,,
,急行,温泉,都会,19:00:00,19:01:00,,19:02:00,,19:03:00,,19:04:00,,19:05:00,,19:06:00,19:06:30,19:07:30,,19:08:30,19:09:00,19:10:30,,19:12:00,,19:13:30,19:14:00,19:16:00,,19:18:00,,19:20:00,,19:22:00
,普通,温泉,都会,19:03:00,19:04:00,19:04:30,19:05:30,19:06:00,19:07:00,19:07:30,19:08:30,19:09:00,19:10:00,19:10:30,19:11:30,19:12:00,19:13:00,19:13:30,19:14:30,19:15:00,19:16:30,19:16:50,19:18:20,19:18:40,19:20:10,19:20:40,19:22:40,19:23:00,19:25:00,19:25:20,19:27:20,19:27:40,19:29:40
,普通,町中,都会,19:07:00,19:08:00,19:08:30,19:09:30,19:10:00,19:11:00,19:11:30,19:12:30,19:13:00,19:14:00,19:14:30,19:15:30,19:16:00,19:17:00,19:17:30,19:18:30,,,,,,,,,,,,,,
,急行,温泉,都会,19:15:00,19:16:00,,19:17:00,,19:18:00,,19:19:00,,19:20:00,,19:21:00,19:21:30,19:22:30,,19:23:30,19:24:00,19:25:30,,19:27:00,,19:28:30,19:29:00,19:31:00,,19:33:00,,19:35:00,,19:37:00
,普通,温泉,都会,19:18:00,19:19:00,19:19:30,19:20:30,19:21:00,19:22:00,19:22:30,19:23:30,19:24:00,19:25:00,19:25:30,19:26:30,19:27:00,19:28:00,19:28:30,19:29:30,19:30:00,19:31:30,19:31:50,19:33:20,19:33:40,19:35:10,19:35:40,19:37:40,19:38:00,19:40:00,19:40:20,19:42:20,19:42:40,19:44:40
,普通,町中,都会,19:22:00,19:23:00,19:23:30,19:24:30,19:25:00,19:26:00,19:26:30,19:27:30,19:28:00,19:29:00,19:29:30,19:30:30,19:31:00,19:32:00,19:32:30,19:33:30,,,,,,,,,,,,,,
,急行,温泉,都会,19:30:00,19:31:00,,19:32:00,,19:33:00,,19:34:00,,19:35:00,,19:36:00,19:36:30,19:37:30,,19:38:30,19:39:00,19:40:30,,19:42:00,,19:43:30,19:44:00,19:46:00,,19:48:00,,19:50:00,,19:52:00
,普通,温泉,都会,19:33:00,19:34:00,19:34:30,19:35:30,19:36:00,19:37:00,19:37:30,19:38:30,19:39:00,19:40:00,19:40:30,19:41:30,19:42:00,19:43:00,19:43:30,19:44:30,19:45:00,19:46:30,19:46:50,19:48:20,19:48:40,19:50:10,19:50:40,19:52:40,19:53:00,19:55:00,19:55:20,19:57:20,19:57:40,19:59:40
,普通,町中,都会,19:37:00,19:38:00,19:38:30,19:39:30,19:40:00,19:41:00,19:41:30,19:42:30,19:43:00,19:44:00,19:44:30,19:45:30,19:46:00,19:47:00,19:47:30,19:48:30,,,,,,,,,,,,,,
,急行,温泉,都会,19:45:00,19:46:00,,19:47:00,,19:48:00,,19:49:00,,19:50:00,,19:51:00,19:51:30,19:52:30,,19:53:30,19:54:00,19:55:30,,19:57:00,,19:58:30,19:59:00,20:01:00,,20:03:00,,20:05:00,,20:07:00
,普通,温泉,都会,19:48:00,19:49:00,19:49:30,19:50:30,19:51:00,19:52:00,19:52:30,19:53:30,19:54:00,19:55:00,19:55:30,19:56:30,19:57:00,19:58:00,19:58:30,19:59:30,20:00:00,20:01:30,20:01:50,20:03:20,20:03:40,20:05:10,20:05:40,20:07:40,20:08:00,20:10:00,20:10:20,20:12:20,20:12:40,20:14:40
,普通,町中,都会,19:52:00,19:53:00,19:53:30,19:54:30,19:55:00,19:56:00,19:56:30,19:57:30,19:58:00,19:59:00,19:59:30,20:00:30,20:01:00,20:02:00,20:02:30,20:03:30,,,,,,,,,,,,,,
,急行,温泉,都会,20:00:00,20:01:00,,20:02:00,,20:03:00,,20:04:00,,20:05:00,,20:06:00,20:06:30,20:07:30,,20:08:30,20:09:00,20:10:30,,20:12:00,,20:13:30,20:14:00,20:16:00,,20:18:00,,20:20:00,,20:22:00
,普通,温泉,都会,20:03:00,20:04:00,20:04:30,20:05:30,20:06:00,20:07:00,20:07:30,20:08:30,20:09:00,20:10:00,20:10:30,20:11:30,20:12:00,20:13:00,20:13:30,20:14:30,20:15:00,20:16:30,20:16:50,20:18:20,20:18:40,20:20:10,20:20:40,20:22:40,20:23:00,20:25:00,20:25:20,20:27:20,20:27:40,20:29:40
,普通,町中,都会,20:07:00,20:08:00,20:08:30,20:09:30,20:10:00,20:11:00,20:11:30,20:12:30,20:13:00,20:14:00,20:14:30,20:15:30,20:16:00,20:17:00,20:17:30,20:18:30,,,,,,,,,,,,,,
,急行,温泉,都会,20:15:00,20:16:00,,20:17:00,,20:18:00,,20:19:00,,20:20:00,,20:21:00,20:21:30,20:22:30,,20:23:30,20:24:00,20:25:30,,20:27:00,,20:28:30,20:29:00,20:31:00,,20:33:00,,20:35:00,,20:37:00
,普通,温泉,都会,20:18:00,20:19:00,20:19:30,20:20:30,20:21:00,20:22:00,20:22:30,20:23:30,20:24:00,20:25:00,20:25:30,20:26:30,20:27:00,20:28:00,20:28:30,20:29:30,20:30:00,20:31:30,20:31:50,20:33:20,20:33:40,20:35:10,20:35:40,20:37:40,20:38:00,20:40:00,20:40:20,20:42:20,20:42:40,20:44:40
,普通,町中,都会,20:22:00,20:23:00,20:23:30,20:24:30,20:25:00,20:26:00,20:26:30,20:27:30,20:28:00,20:29:00,20:29:30,20:30:30,20:31:00,20:32:00,20:32:30,20:33:30,,,,,,,,,,,,,,
,急行,温泉,都会,20:30:00,20:31:00,,20:32:00,,20:33:00,,20:34:00,,20:35:00,,20:36:00,20:36:30,20:37:30,,20:38:30,20:39:00,20:40:30,,20:42:00,,20:43:30,20:44:00,20:46:00,,20:48:00,,20:50:00,,20:52:00
,普通,温泉,都会,20:33:00,20:34:00,20:34:30,20:35:30,20:36:00,20:37:00,20:37:30,20:38:30,20:39:00,20:40:00,20:40:30,20:41:30,20:42:00,20:43:00,20:43:30,20:44:30,20:45:00,20:46:30,20:46:50,20:48:20,20:48:40,20:50:10,20:50:40,20:52:40,20:53:00,20:55:00,20:55:20,20:57:20,20:57:40,20:59:40
,普通,町中,都会,20:37:00,20:38:00,20:38:30,20:39:30,20:40:00,20:41:00,20:41:30,20:42:30,20:43:00,20:44:00,20:44:30,20:45:30,20:46:00,20:47:00,20:47:30,20:48:30,,,,,,,,,,,,,,
,急行,温泉,都会,20:45:00,20:46:00,,20:47:00,,20:48:00,,20:49:00,,20:50:00,,20:51:00,20:51:30,20:52:30,,20:53:30,20:54:00,20:55:30,,20:57:00,,20:58:30,20:59:00,21:01:00,,21:03:00,,21:05:00,,21:07:00
,普通,温泉,都会,20:48:00,20:49:00,20:49:30,20:50:30,20:51:00,20:52:00,20:52:30,20:53:30,20:54:00,20:55:00,20:55:30,20:56:30,20:57:00,20:58:00,20:58:30,20:59:30,21:00:00,21:01:30,21:01:50,21:03:20,21:03:40,21:05:10,21:05:40,21:07:40,21:08:00,21:10:00,21:10:20,21:12:20,21:12:40,21:14:40
,普通,町中,都会,20:52:00,20:53:00,20:53:30,20:54:30,20:55:00,20:56:00,20:56:30,20:57:30,20:58:00,20:59:00,20:59:30,21:00:30,21:01:00,21:02:00,21:02:30,21:03:30,,,,,,,,,,,,,,
,急行,温泉,都会,21:00:00,21:01:00,,21:02:00,,21:03:00,,21:04:00,,21:05:00,,21:06:00,21:06:30,21:07:30,,21:08:30,21:09:00,21:10:30,,21:12:00,,21:13:30,21:14:00,21:16:00,,21:18:00,,21:20:00,,21:22:00
,普通,温泉,都会,21:03:00,21:04:00,21:04:30,21:05:30,21:06:00,21:07:00,21:07:30,21:08:30,21:09:00,21:10:00,21:10:30,21:11:30,21:12:00,21:13:00,21:13:30,21:14:30,21:15:00,21:16:30,21:16:50,21:18:20,21:18:40,21:20:10,21:20:40,21:22:40,21:23:00,21:25:00,21:25:20,21:27:20,21:27:40,21:29:40
,普通,町中,都会,21:07:00,21:08:00,21:08:30,21:09:30,21:10:00,21:11:00,21:11:30,21:12:30,21:13:00,21:14:00,21:14:30,21:15:30,21:16:00,21:17:00,21:17:30,21:18:30,,,,,,,,,,,,,,
,急行,温泉,都会,21:15:00,21:16:00,,21:17:00,,21:18:00,,21:19:00,,21:20:00,,21:21:00,21:21:30,21:22:30,,21:23:30,21:24:00,21:25:30,,21:27:00,,21:28:30,21:29:00,21:31:00,,21:33:00,,21:35:00,,21:37:00
,普通,温泉,都会,21:18:00,21:19:00,21:19:30,21:20:30,21:21:00,21:22:00,21:22:30,21:23:30,21:24:00,21:25:00,21:25:30,21:26:30,21:27:00,21:28:00,21:28:30,21:29:30,21:30:00,21:31:30,21:31:50,21:33:20,21:33:40,21:35:10,21:35:40,21:37:40,21:38:00,21:40:00,21:40:20,21:42:20,21:42:40,21:44:40
,普通,町中,都会,21:22:00,21:23:00,21:23:30,21:24:30,21:25:00,21:26:00,21:26:30,21:27:30,21:28:00,21:29:00,21:29:30,21:30:30,21:31:00,21:32:00,21:32:30,21:33:30,,,,,,,,,,,,,,
,急行,温泉,都会,21:30:00,21:31:00,,21:32:00,,21:33:00,,21:34:00,,21:35:00,,21:36:00,21:36:30,21:37:30,,21:38:30,21:39:00,21:40:30,,21:42:00,,21:43:30,21:44:00,21:46:00,,21:48:00,,21:50:00,,21:52:00
,普通,温泉,都会,21:33:00,21:34:00,21:34:30,21:35:30,21:36:00,21:37:00,21:37:30,21:38:30,21:39:00,21:40:00,21:40:30,21:41:30,21:42:00,21:43:00,21:43:30,21:44:30,21:45:00,21:46:30,21:46:50,21:48:20,21:48:40,21:50:10,21:50:40,21:52:40,21:53:00,21:55:00,21:55:20,21:57:20,21:57:40,21:59:40
,普通,町中,都会,21:37:00,21:38:00,21:38:30,21:39:30,21:40:00,21:41:00,21:41:30,21:42:30,21:43:00,21:44:00,21:44:30,21:45:30,21:46:00,21:47:00,21:47:30,21:48:30,,,,,,,,,,,,,,
,急行,温泉,都会,21:45:00,21:46:00,,21:47:00,,21:48:00,,21:49:00,,21:50:00,,21:51:00,21:51:30,21:52:30,,21:53:30,21:54:00,21:55:30,,21:57:00,,21:58:30,21:59:00,22:01:00,,22:03:00,,22:05:00,,22:07:00
,普通,温泉,都会,21:48:00,21:49:00,21:49:30,21:50:30,21:51:00,21:52:00,21:52:30,21:53:30,21:54:00,21:55:00,21:55:30,21:56:30,21:57:00,21:58:00,21:58:30,21:59:30,22:00:00,22:01:30,22:01:50,22:03:20,22:03:40,22:05:10,22:05:40,22:07:40,22:08:00,22:10:00,22:10:20,22:12:20,22:12:40,22:14:40
,普通,町中,都会,21:52:00,21:53:00,21:53:30,21:54:30,21:55:00,21:56:00,21:56:30,21:57:30,21:58:00,21:59:00,21:59:30,22:00:30,22:01:00,22:02:00,22:02:30,22:03:30,,,,,,,,,,,,,,
,急行,温泉,都会,22:00:00,22:01:00,,22:02:00,,22:03:00,,22:04:00,,22:05:00,,22:06:00,22:06:30,22:07:30,,22:08:30,22:09:00,22:10:30,,22:12:00,,22:13:30,22:14:00,22:16:00,,22:18:00,,22:20:00,,22:22:00
,普通,温泉,都会,22:05:00,22:06:00,22:06:30,22:07:30,22:08:00,22:09:00,22:09:30,22:10:30,22:11:00,22:12:00,22:12:30,22:13:30,22:14:00,22:15:00,22:15:30,22:16:30,22:17:00,22:18:30,22:18:50,22:20:20,22:20:40,22:22:10,22:22:40,22:24:40,22:25:00,22:27:00,22:27:20,22:29:20,22:29:40,22:31:40
,普通,町中,都会,22:07:00,22:08:00,22:08:30,22:09:30,22:10:00,22:11:00,22:11:30,22:12:30,22:13:00,22:14:00,22:14:30,22:15:30,22:16:00,22:17:00,22:17:30,22:18:30,,,,,,,,,,,,,,
,普通,学園都市,都会,22:13:00,22:14:00,22:14:30,22:15:30,22:16:00,22:17:00,22:17:30,22:18:30,22:19:00,22:20:00,22:20:30,22:21:30,,,,,,,,,,,,,,,,,,
,急行,温泉,都会,22:20:00,22:21:00,,22:22:00,,22:23:00,,22:24:00,,22:25:00,,22:26:00,22:26:30,22:27:30,,22:28:30,22:29:00,22:30:30,,22:32:00,,22:33:30,22:34:00,22:36:00,,22:38:00,,22:40:00,,22:42:00
,普通,温泉,都会,22:25:00,22:26:00,22:26:30,22:27:30,22:28:00,22:29:00,22:29:30,22:30:30,22:31:00,22:32:00,22:32:30,22:33:30,22:34:00,22:35:00,22:35:30,22:36:30,22:37:00,22:38:30,22:38:50,22:40:20,22:40:40,22:42:10,22:42:40,22:44:40,22:45:00,22:47:00,22:47:20,22:49:20,22:49:40,22:51:40
,普通,町中,都会,22:27:00,22:28:00,22:28:30,22:29:30,22:30:00,22:31:00,22:31:30,22:32:30,22:33:00,22:34:00,22:34:30,22:35:30,22:36:00,22:37:00,22:37:30,22:38:30,,,,,,,,,,,,,,
,普通,学園都市,都会,22:33:00,22:34:00,22:34:30,22:35:30,22:36:00,22:37:00,22:37:30,22:38:30,22:39:00,22:40:00,22:40:30,22:41:30,,,,,,,,,,,,,,,,,,
,急行,温泉,都会,22:40:00,22:41:00,,22:42:00,,22:43:00,,22:44:00,,22:45:00,,22:46:00,22:46:30,22:47:30,,22:48:30,22:49:00,22:50:30,,22:52:00,,22:53:30,22:54:00,22:56:00,,22:58:00,,23:00:00,,23:02:00
,普通,温泉,都会,22:45:00,22:46:00,22:46:30,22:47:30,22:48:00,22:49:00,22:49:30,22:50:30,22:51:00,22:52:00,22:52:30,22:53:30,22:54:00,22:55:00,22:55:30,22:56:30,22:57:00,22:58:30,22:58:50,23:00:20,23:00:40,23:02:10,23:02:40,23:04:40,23:05:00,23:07:00,23:07:20,23:09:20,23:09:40,23:11:40
,普通,町中,都会,22:47:00,22:48:00,22:48:30,22:49:30,22:50:00,22:51:00,22:51:30,22:52:30,22:53:00,22:54:00,22:54:30,22:55:30,22:56:00,22:57:00,22:57:30,22:58:30,,,,,,,,,,,,,,
,普通,温泉,都会,23:00:00,23:01:00,23:01:30,23:02:30,23:03:00,23:04:00,23:04:30,23:05:30,23:06:00,23:07:00,23:07:30,23:08:30,23:09:00,23:10:00,23:10:30,23:11:30,23:12:00,23:13:30,23:13:50,23:15:20,23:15:40,23:17:10,23:17:40,23:19:40,23:20:00,23:22:00,23:22:20,23:24:20,23:24:40,23:26:40
,普通,学園都市,都会,23:05:00,23:06:00,23:06:30,23:07:30,23:08:00,23:09:00,23:09:30,23:10:30,23:11:00,23:12:00,23:12:30,23:13:30,,,,,,,,,,,,,,,,,,
,普通,町中,都会,23:07:00,23:08:00,23:08:30,23:09:30,23:10:00,23:11:00,23:11:30,23:12:30,23:13:00,23:14:00,23:14:30,23:15:30,23:16:00,23:17:00,23:17:30,23:18:30,,,,,,,,,,,,,,
,普通,温泉,都会,23:20:00,23:21:00,23:21:30,23:22:30,23:23:00,23:24:00,23:24:30,23:25:30,23:26:00,23:27:00,23:27:30,23:28:30,23:29:00,23:30:00,23:30:30,23:31:30,23:32:00,23:33:30,23:33:50,23:35:20,23:35:40,23:37:10,23:37:40,23:39:40,23:40:00,23:42:00,23:42:20,23:44:20,23:44:40,23:46:40
,普通,学園都市,都会,23:25:00,23:26:00,23:26:30,23:27:30,23:28:00,23:29:00,23:29:30,23:30:30,23:31:00,23:32:00,23:32:30,23:33:30,,,,,,,,,,,,,,,,,,
,普通,町中,都会,23:27:00,23:28:00,23:28:30,23:29:30,23:30:00,23:31:00,23:31:30,23:32:30,23:33:00,23:34:00,23:34:30,23:35:30,23:36:00,23:37:00,23:37:30,23:38:30,,,,,,,,,,,,,,
,普通,温泉,都会,23:45:00,23:46:00,23:46:30,23:47:30,23:48:00,23:49:00,23:49:30,23:50:30,23:51:00,23:52:00,23:52:30,23:53:30,23:54:00,23:55:00,23:55:30,23:56:30,23:57:00,23:58:30,23:58:50,0:00:20,0:00:40,0:02:10,0:02:40,0:04:40,0:05:00,0:07:00,0:07:20,0:09:20,0:09:40,0:11:40
,普通,町中,都会,23:47:00,23:48:00,23:48:30,23:49:30,23:50:00,23:51:00,23:51:30,23:52:30,23:53:00,23:54:00,23:54:30,23:55:30,23:56:00,23:57:00,23:57:30,23:58:30,,,,,,,,,,,,,,
,普通,町中,都会,0:05:00,0:01:00,0:01:30,0:02:30,0:03:00,0:04:00,0:04:30,0:05:30,0:06:00,0:07:00,0:07:30,0:08:30,0:09:00,0:10:00,0:10:30,0:11:30,,,,,,,,,,,,,,
,,,,,,,,,,,,,,,,,,,,,,,,,,,,,,,,,
,,,,,,,,,,,,,,,,,,,,,,,,,,,,,,,,,
,,,,,,,,,,,,,,,,,,,,,,,,,,,,,,,,,
,,,,,,,,,,,,,,,,,,,,,,,,,,,,,,,,,
,,,,,,,,,,,,,,,,,,,,,,,,,,,,,,,,,
,,,,,,,,,,,,,,,,,,,,,,,,,,,,,,,,,
,,,,,,,,,,,,,,,,,,,,,,,,,,,,,,,,,
,,,,,,,,,,,,,,,,,,,,,,,,,,,,,,,,,
,,,,,,,,,,,,,,,,,,,,,,,,,,,,,,,,,
,,,,,,,,,,,,,,,,,,,,,,,,,,,,,,,,,
,,,,,,,,,,,,,,,,,,,,,,,,,,,,,,,,,
,,,,,,,,,,,,,,,,,,,,,,,,,,,,,,,,,
,,,,,,,,,,,,,,,,,,,,,,,,,,,,,,,,,
,,,,,,,,,,,,,,,,,,,,,,,,,,,,,,,,,
,,,,,,,,,,,,,,,,,,,,,,,,,,,,,,,,,
,,,,,,,,,,,,,,,,,,,,,,,,,,,,,,,,,
,,,,,,,,,,,,,,,,,,,,,,,,,,,,,,,,,
,,,,,,,,,,,,,,,,,,,,,,,,,,,,,,,,,
,,,,,,,,,,,,,,,,,,,,,,,,,,,,,,,,,
,,,,,,,,,,,,,,,,,,,,,,,,,,,,,,,,,
,,,,,,,,,,,,,,,,,,,,,,,,,,,,,,,,,
,,,,,,,,,,,,,,,,,,,,,,,,,,,,,,,,,
,,,,,,,,,,,,,,,,,,,,,,,,,,,,,,,,,
,,,,,,,,,,,,,,,,,,,,,,,,,,,,,,,,,
,,,,,,,,,,,,,,,,,,,,,,,,,,,,,,,,,
,,,,,,,,,,,,,,,,,,,,,,,,,,,,,,,,,
,,,,,,,,,,,,,,,,,,,,,,,,,,,,,,,,,
,,,,,,,,,,,,,,,,,,,,,,,,,,,,,,,,,
,,,,,,,,,,,,,,,,,,,,,,,,,,,,,,,,,
,,,,,,,,,,,,,,,,,,,,,,,,,,,,,,,,,
,,,,,,,,,,,,,,,,,,,,,,,,,,,,,,,,,
,,,,,,,,,,,,,,,,,,,,,,,,,,,,,,,,,
,,,,,,,,,,,,,,,,,,,,,,,,,,,,,,,,,
,,,,,,,,,,,,,,,,,,,,,,,,,,,,,,,,,
,,,,,,,,,,,,,,,,,,,,,,,,,,,,,,,,,
,,,,,,,,,,,,,,,,,,,,,,,,,,,,,,,,,
,,,,,,,,,,,,,,,,,,,,,,,,,,,,,,,,,
,,,,,,,,,,,,,,,,,,,,,,,,,,,,,,,,,
,,,,,,,,,,,,,,,,,,,,,,,,,,,,,,,,,
,,,,,,,,,,,,,,,,,,,,,,,,,,,,,,,,,
,,,,,,,,,,,,,,,,,,,,,,,,,,,,,,,,,
,,,,,,,,,,,,,,,,,,,,,,,,,,,,,,,,,
,,,,,,,,,,,,,,,,,,,,,,,,,,,,,,,,,
,,,,,,,,,,,,,,,,,,,,,,,,,,,,,,,,,
,,,,,,,,,,,,,,,,,,,,,,,,,,,,,,,,,
