,普通,温泉,町中,,,,,,,,,,,,,,,,,5:03:00,5:04:30,5:04:50,5:06:20,5:06:40,5:08:10,5:08:40,5:10:40,5:11:00,5:13:00,5:13:20,5:15:20,5:15:40,5:17:40
,普通,温泉,都会,5:11:00,5:12:00,5:12:30,5:13:30,5:14:00,5:15:00,5:15:30,5:16:30,5:17:00,5:18:00,5:18:30,5:19:30,5:20:00,5:21:00,5:21:30,5:22:30,5:23:00,5:24:30,5:24:50,5:26:20,5:26:40,5:28:10,5:28:40,5:30:40,5:31:00,5:33:00,5:33:20,5:35:20,5:35:40,5:37:40
,普通,温泉,車両基地,,,,,,,,,,,5:38:30,5:39:30,5:40:00,5:41:00,5:41:30,5:42:30,5:43:00,5:44:30,5:44:50,5:46:20,5:46:40,5:48:10,5:48:40,5:50:40,5:51:00,5:53:00,5:53:20,5:55:20,5:55:40,5:57:40
,普通,温泉,都会,5:41:00,5:42:00,5:42:30,5:43:30,5:44:00,5:45:00,5:45:30,5:46:30,5:47:00,5:48:00,5:48:30,5:49:30,5:50:00,5:51:00,5:51:30,5:52:30,5:53:00,5:54:30,5:54:50,5:56:20,5:56:40,5:58:10,5:58:40,6:00:40,6:01:00,6:03:00,6:03:20,6:05:20,6:05:40,6:07:40
,普通,温泉,学園都市,,,,,,,,,,,,,6:00:00,6:01:00,6:01:30,6:02:30,6:03:00,6:04:30,6:04:50,6:06:20,6:06:40,6:08:10,6:08:40,6:10:40,6:11:00,6:13:00,6:13:20,6:15:20,6:15:40,6:17:40
,普通,温泉,都会,6:01:00,6:02:00,6:02:30,6:03:30,6:04:00,6:05:00,6:05:30,6:06:30,6:07:00,6:08:00,6:08:30,6:09:30,6:10:00,6:11:00,6:11:30,6:12:30,6:13:00,6:14:30,6:14:50,6:16:20,6:16:40,6:18:10,6:18:40,6:20:40,6:21:00,6:23:00,6:23:20,6:25:20,6:25:40,6:27:40
,普通,温泉,都会,6:11:00,6:12:00,6:12:30,6:13:30,6:14:00,6:15:00,6:15:30,6:16:30,6:17:00,6:18:00,6:18:30,6:19:30,6:20:00,6:21:00,6:21:30,6:22:30,6:23:00,6:24:30,6:24:50,6:26:20,6:26:40,6:28:10,6:28:40,6:30:40,6:31:00,6:33:00,6:33:20,6:35:20,6:35:40,6:37:40
,普通,温泉,都会,6:21:00,6:22:00,6:22:30,6:23:30,6:24:00,6:25:00,6:25:30,6:26:30,6:27:00,6:28:00,6:28:30,6:29:30,6:30:00,6:31:00,6:31:30,6:32:30,6:33:00,6:34:30,6:34:50,6:36:20,6:36:40,6:38:10,6:38:40,6:40:40,6:41:00,6:43:00,6:43:20,6:45:20,6:45:40,6:47:40
,急行,温泉,都会,,,,,,,,,,,,,6:36:30,6:37:30,,6:38:30,6:39:00,6:40:30,,6:42:00,,6:43:30,6:44:00,6:46:00,,6:48:00,,6:50:00,,6:52:00
,普通,温泉,都会,6:31:00,6:32:00,6:32:30,6:33:30,6:34:00,6:35:00,6:35:30,6:36:30,6:37:00,6:38:00,6:38:30,6:39:30,6:40:00,6:41:00,6:41:30,6:42:30,6:43:00,6:44:30,6:44:50,6:46:20,6:46:40,6:48:10,6:48:40,6:50:40,6:51:00,6:53:00,6:53:20,6:55:20,6:55:40,6:57:40
,普通,神社口,車両基地,,,,,,,,,,,6:43:30,6:44:30,6:45:00,6:46:00,6:46:30,6:47:30,6:50:00,6:51:30,6:51:50,6:53:20,6:53:40,6:55:10,,,,,,,,
,急行,温泉,都会,6:40:00,6:41:00,,6:42:00,,6:43:00,,6:44:00,,6:45:00,,6:46:00,6:46:30,6:47:30,,6:48:30,6:49:00,6:50:30,,6:52:00,,6:53:30,6:54:00,6:56:00,,6:58:00,,7:00:00,,7:02:00
,普通,温泉,都会,6:41:00,6:42:00,6:42:30,6:43:30,6:44:00,6:45:00,6:45:30,6:46:30,6:47:00,6:48:00,6:48:30,6:49:30,6:50:00,6:51:00,6:51:30,6:52:30,6:53:00,6:54:30,6:54:50,6:56:20,6:56:40,6:58:10,6:58:40,7:00:40,7:01:00,7:03:00,7:03:20,7:05:20,7:05:40,7:07:40
,普通,神社口,車両基地,,,,,,,,,,,6:53:30,6:54:30,6:55:00,6:56:00,6:56:30,6:57:30,7:00:00,7:01:30,7:01:50,7:03:20,7:03:40,7:05:10,,,,,,,,
,急行,温泉,都会,,,,,,,,,,,,,6:56:30,6:57:30,,6:58:30,6:59:00,7:00:30,,7:02:00,,7:03:30,7:04:00,7:06:00,,7:08:00,,7:10:00,,7:12:00
,普通,温泉,都会,6:51:00,6:52:00,6:52:30,6:53:30,6:54:00,6:55:00,6:55:30,6:56:30,6:57:00,6:58:00,6:58:30,6:59:30,7:00:00,7:01:00,7:01:30,7:02:30,7:03:00,7:04:30,7:04:50,7:06:20,7:06:40,7:08:10,7:08:40,7:10:40,7:11:00,7:13:00,7:13:20,7:15:20,7:15:40,7:17:40
,普通,神社口,車両基地,,,,,,,,,,,7:03:30,7:04:30,7:05:00,7:06:00,7:06:30,7:07:30,7:10:00,7:11:30,7:11:50,7:13:20,7:13:40,7:15:10,,,,,,,,
,急行,温泉,都会,7:00:00,7:01:00,,7:02:00,,7:03:00,,7:04:00,,7:05:00,,7:06:00,7:06:30,7:07:30,,7:08:30,7:09:00,7:10:30,,7:12:00,,7:13:30,7:14:00,7:16:00,,7:18:00,,7:20:00,,7:22:00
,普通,温泉,都会,7:01:00,7:02:00,7:02:30,7:03:30,7:04:00,7:05:00,7:05:30,7:06:30,7:07:00,7:08:00,7:08:30,7:09:30,7:10:00,7:11:00,7:11:30,7:12:30,7:13:00,7:14:30,7:14:50,7:16:20,7:16:40,7:18:10,7:18:40,7:20:40,7:21:00,7:23:00,7:23:20,7:25:20,7:25:40,7:27:40
,普通,学園都市,都会,7:03:00,7:04:00,7:04:30,7:05:30,7:06:00,7:07:00,7:07:30,7:08:30,7:09:00,7:10:00,7:10:30,7:11:30,,,,,,,,,,,,,,,,,,
,普通,神社口,都会,7:06:00,7:07:00,7:07:30,7:08:30,7:09:00,7:10:00,7:10:30,7:11:30,7:12:00,7:13:00,7:13:30,7:14:30,7:15:00,7:16:00,7:16:30,7:17:30,7:20:00,7:21:30,7:21:50,7:23:20,7:23:40,7:25:10,,,,,,,,
,急行,温泉,都会,7:10:00,7:11:00,,7:12:00,,7:13:00,,7:14:00,,7:15:00,,7:16:00,7:16:30,7:17:30,,7:18:30,7:19:00,7:20:30,,7:22:00,,7:23:30,7:24:00,7:26:00,,7:28:00,,7:30:00,,7:32:00
,普通,温泉,都会,7:11:00,7:12:00,7:12:30,7:13:30,7:14:00,7:15:00,7:15:30,7:16:30,7:17:00,7:18:00,7:18:30,7:19:30,7:20:00,7:21:00,7:21:30,7:22:30,7:23:00,7:24:30,7:24:50,7:26:20,7:26:40,7:28:10,7:28:40,7:30:40,7:31:00,7:33:00,7:33:20,7:35:20,7:35:40,7:37:40
,普通,学園都市,都会,7:13:00,7:14:00,7:14:30,7:15:30,7:16:00,7:17:00,7:17:30,7:18:30,7:19:00,7:20:00,7:20:30,7:21:30,,,,,,,,,,,,,,,,,,
,普通,神社口,都会,7:16:00,7:17:00,7:17:30,7:18:30,7:19:00,7:20:00,7:20:30,7:21:30,7:22:00,7:23:00,7:23:30,7:24:30,7:25:00,7:26:00,7:26:30,7:27:30,7:30:00,7:31:30,7:31:50,7:33:20,7:33:40,7:35:10,,,,,,,,
,急行,温泉,都会,7:20:00,7:21:00,,7:22:00,,7:23:00,,7:24:00,,7:25:00,,7:26:00,7:26:30,7:27:30,,7:28:30,7:29:00,7:30:30,,7:32:00,,7:33:30,7:34:00,7:36:00,,7:38:00,,7:40:00,,7:42:00
,普通,温泉,都会,7:21:00,7:22:00,7:22:30,7:23:30,7:24:00,7:25:00,7:25:30,7:26:30,7:27:00,7:28:00,7:28:30,7:29:30,7:30:00,7:31:00,7:31:30,7:32:30,7:33:00,7:34:30,7:34:50,7:36:20,7:36:40,7:38:10,7:38:40,7:40:40,7:41:00,7:43:00,7:43:20,7:45:20,7:45:40,7:47:40
,普通,学園都市,都会,7:23:00,7:24:00,7:24:30,7:25:30,7:26:00,7:27:00,7:27:30,7:28:30,7:29:00,7:30:00,7:30:30,7:31:30,,,,,,,,,,,,,,,,,,
,普通,神社口,都会,7:26:00,7:27:00,7:27:30,7:28:30,7:29:00,7:30:00,7:30:30,7:31:30,7:32:00,7:33:00,7:33:30,7:34:30,7:35:00,7:36:00,7:36:30,7:37:30,7:40:00,7:41:30,7:41:50,7:43:20,7:43:40,7:45:10,,,,,,,,
,急行,温泉,都会,7:30:00,7:31:00,,7:32:00,,7:33:00,,7:34:00,,7:35:00,,7:36:00,7:36:30,7:37:30,,7:38:30,7:39:00,7:40:30,,7:42:00,,7:43:30,7:44:00,7:46:00,,7:48:00,,7:50:00,,7:52:00
,普通,温泉,都会,7:31:00,7:32:00,7:32:30,7:33:30,7:34:00,7:35:00,7:35:30,7:36:30,7:37:00,7:38:00,7:38:30,7:39:30,7:40:00,7:41:00,7:41:30,7:42:30,7:43:00,7:44:30,7:44:50,7:46:20,7:46:40,7:48:10,7:48:40,7:50:40,7:51:00,7:53:00,7:53:20,7:55:20,7:55:40,7:57:40
,普通,学園都市,都会,7:33:00,7:34:00,7:34:30,7:35:30,7:36:00,7:37:00,7:37:30,7:38:30,7:39:00,7:40:00,7:40:30,7:41:30,,,,,,,,,,,,,,,,,,
,普通,神社口,都会,7:36:00,7:37:00,7:37:30,7:38:30,7:39:00,7:40:00,7:40:30,7:41:30,7:42:00,7:43:00,7:43:30,7:44:30,7:45:00,7:46:00,7:46:30,7:47:30,7:50:00,7:51:30,7:51:50,7:53:20,7:53:40,7:55:10,,,,,,,,
,急行,温泉,都会,7:40:00,7:41:00,,7:42:00,,7:43:00,,7:44:00,,7:45:00,,7:46:00,7:46:30,7:47:30,,7:48:30,7:49:00,7:50:30,,7:52:00,,7:53:30,7:54:00,7:56:00,,7:58:00,,8:00:00,,8:02:00
,普通,温泉,都会,7:41:00,7:42:00,7:42:30,7:43:30,7:44:00,7:45:00,7:45:30,7:46:30,7:47:00,7:48:00,7:48:30,7:49:30,7:50:00,7:51:00,7:51:30,7:52:30,7:53:00,7:54:30,7:54:50,7:56:20,7:56:40,7:58:10,7:58:40,8:00:40,8:01:00,8:03:00,8:03:20,8:05:20,8:05:40,8:07:40
,普通,学園都市,都会,7:43:00,7:44:00,7:44:30,7:45:30,7:46:00,7:47:00,7:47:30,7:48:30,7:49:00,7:50:00,7:50:30,7:51:30,,,,,,,,,,,,,,,,,,
,普通,神社口,都会,7:46:00,7:47:00,7:47:30,7:48:30,7:49:00,7:50:00,7:50:30,7:51:30,7:52:00,7:53:00,7:53:30,7:54:30,7:55:00,7:56:00,7:56:30,7:57:30,8:00:00,8:01:30,8:01:50,8:03:20,8:03:40,8:05:10,,,,,,,,
,急行,温泉,都会,7:50:00,7:51:00,,7:52:00,,7:53:00,,7:54:00,,7:55:00,,7:56:00,7:56:30,7:57:30,,7:58:30,7:59:00,8:00:30,,8:02:00,,8:03:30,8:04:00,8:06:00,,8:08:00,,8:10:00,,8:12:00
,普通,温泉,都会,7:51:00,7:52:00,7:52:30,7:53:30,7:54:00,7:55:00,7:55:30,7:56:30,7:57:00,7:58:00,7:58:30,7:59:30,8:00:00,8:01:00,8:01:30,8:02:30,8:03:00,8:04:30,8:04:50,8:06:20,8:06:40,8:08:10,8:08:40,8:10:40,8:11:00,8:13:00,8:13:20,8:15:20,8:15:40,8:17:40
,普通,学園都市,都会,7:53:00,7:54:00,7:54:30,7:55:30,7:56:00,7:57:00,7:57:30,7:58:30,7:59:00,8:00:00,8:00:30,8:01:30,,,,,,,,,,,,,,,,,,
,普通,神社口,都会,7:56:00,7:57:00,7:57:30,7:58:30,7:59:00,8:00:00,8:00:30,8:01:30,8:02:00,8:03:00,8:03:30,8:04:30,8:05:00,8:06:00,8:06:30,8:07:30,8:10:00,8:11:30,8:11:50,8:13:20,8:13:40,8:15:10,,,,,,,,
,急行,温泉,都会,8:00:00,8:01:00,,8:02:00,,8:03:00,,8:04:00,,8:05:00,,8:06:00,8:06:30,8:07:30,,8:08:30,8:09:00,8:10:30,,8:12:00,,8:13:30,8:14:00,8:16:00,,8:18:00,,8:20:00,,8:22:00
,普通,温泉,都会,8:01:00,8:02:00,8:02:30,8:03:30,8:04:00,8:05:00,8:05:30,8:06:30,8:07:00,8:08:00,8:08:30,8:09:30,8:10:00,8:11:00,8:11:30,8:12:30,8:13:00,8:14:30,8:14:50,8:16:20,8:16:40,8:18:10,8:18:40,8:20:40,8:21:00,8:23:00,8:23:20,8:25:20,8:25:40,8:27:40
,普通,学園都市,都会,8:03:00,8:04:00,8:04:30,8:05:30,8:06:00,8:07:00,8:07:30,8:08:30,8:09:00,8:10:00,8:10:30,8:11:30,,,,,,,,,,,,,,,,,,
,普通,神社口,都会,8:06:00,8:07:00,8:07:30,8:08:30,8:09:00,8:10:00,8:10:30,8:11:30,8:12:00,8:13:00,8:13:30,8:14:30,8:15:00,8:16:00,8:16:30,8:17:30,8:20:00,8:21:30,8:21:50,8:23:20,8:23:40,8:25:10,,,,,,,,
,急行,温泉,都会,8:10:00,8:11:00,,8:12:00,,8:13:00,,8:14:00,,8:15:00,,8:16:00,8:16:30,8:17:30,,8:18:30,8:19:00,8:20:30,,8:22:00,,8:23:30,8:24:00,8:26:00,,8:28:00,,8:30:00,,8:32:00
,普通,温泉,都会,8:11:00,8:12:00,8:12:30,8:13:30,8:14:00,8:15:00,8:15:30,8:16:30,8:17:00,8:18:00,8:18:30,8:19:30,8:20:00,8:21:00,8:21:30,8:22:30,8:23:00,8:24:30,8:24:50,8:26:20,8:26:40,8:28:10,8:28:40,8:30:40,8:31:00,8:33:00,8:33:20,8:35:20,8:35:40,8:37:40
,普通,学園都市,都会,8:13:00,8:14:00,8:14:30,8:15:30,8:16:00,8:17:00,8:17:30,8:18:30,8:19:00,8:20:00,8:20:30,8:21:30,,,,,,,,,,,,,,,,,,
,普通,神社口,都会,8:16:00,8:17:00,8:17:30,8:18:30,8:19:00,8:20:00,8:20:30,8:21:30,8:22:00,8:23:00,8:23:30,8:24:30,8:25:00,8:26:00,8:26:30,8:27:30,8:30:00,8:31:30,8:31:50,8:33:20,8:33:40,8:35:10,,,,,,,,
,急行,温泉,都会,8:20:00,8:21:00,,8:22:00,,8:23:00,,8:24:00,,8:25:00,,8:26:00,8:26:30,8:27:30,,8:28:30,8:29:00,8:30:30,,8:32:00,,8:33:30,8:34:00,8:36:00,,8:38:00,,8:40:00,,8:42:00
,普通,温泉,都会,8:21:00,8:22:00,8:22:30,8:23:30,8:24:00,8:25:00,8:25:30,8:26:30,8:27:00,8:28:00,8:28:30,8:29:30,8:30:00,8:31:00,8:31:30,8:32:30,8:33:00,8:34:30,8:34:50,8:36:20,8:36:40,8:38:10,8:38:40,8:40:40,8:41:00,8:43:00,8:43:20,8:45:20,8:45:40,8:47:40
,普通,学園都市,都会,8:23:00,8:24:00,8:24:30,8:25:30,8:26:00,8:27:00,8:27:30,8:28:30,8:29:00,8:30:00,8:30:30,8:31:30,,,,,,,,,,,,,,,,,,
,普通,神社口,都会,8:26:00,8:27:00,8:27:30,8:28:30,8:29:00,8:30:00,8:30:30,8:31:30,8:32:00,8:33:00,8:33:30,8:34:30,8:35:00,8:36:00,8:36:30,8:37:30,8:40:00,8:41:30,8:41:50,8:43:20,8:43:40,8:45:10,,,,,,,,
,急行,温泉,都会,8:30:00,8:31:00,,8:32:00,,8:33:00,,8:34:00,,8:35:00,,8:36:00,8:36:30,8:37:30,,8:38:30,8:39:00,8:40:30,,8:42:00,,8:43:30,8:44:00,8:46:00,,8:48:00,,8:50:00,,8:52:00
,普通,温泉,都会,8:31:00,8:32:00,8:32:30,8:33:30,8:34:00,8:35:00,8:35:30,8:36:30,8:37:00,8:38:00,8:38:30,8:39:30,8:40:00,8:41:00,8:41:30,8:42:30,8:43:00,8:44:30,8:44:50,8:46:20,8:46:40,8:48:10,8:48:40,8:50:40,8:51:00,8:53:00,8:53:20,8:55:20,8:55:40,8:57:40
,普通,学園都市,都会,8:33:00,8:34:00,8:34:30,8:35:30,8:36:00,8:37:00,8:37:30,8:38:30,8:39:00,8:40:00,8:40:30,8:41:30,,,,,,,,,,,,,,,,,,
,普通,神社口,都会,8:36:00,8:37:00,8:37:30,8:38:30,8:39:00,8:40:00,8:40:30,8:41:30,8:42:00,8:43:00,8:43:30,8:44:30,8:45:00,8:46:00,8:46:30,8:47:30,8:50:00,8:51:30,8:51:50,8:53:20,8:53:40,8:55:10,,,,,,,,
,急行,温泉,都会,8:40:00,8:41:00,,8:42:00,,8:43:00,,8:44:00,,8:45:00,,8:46:00,8:46:30,8:47:30,,8:48:30,8:49:00,8:50:30,,8:52:00,,8:53:30,8:54:00,8:56:00,,8:58:00,,9:00:00,,9:02:00
,普通,温泉,都会,8:41:00,8:42:00,8:42:30,8:43:30,8:44:00,8:45:00,8:45:30,8:46:30,8:47:00,8:48:00,8:48:30,8:49:30,8:50:00,8:51:00,8:51:30,8:52:30,8:53:00,8:54:30,8:54:50,8:56:20,8:56:40,8:58:10,8:58:40,9:00:40,9:01:00,9:03:00,9:03:20,9:05:20,9:05:40,9:07:40
,普通,学園都市,都会,8:43:00,8:44:00,8:44:30,8:45:30,8:46:00,8:47:00,8:47:30,8:48:30,8:49:00,8:50:00,8:50:30,8:51:30,,,,,,,,,,,,,,,,,,
,普通,学園都市,都会,8:46:00,8:47:00,8:47:30,8:48:30,8:49:00,8:50:00,8:50:30,8:51:30,8:52:00,8:53:00,8:53:30,8:54:30,,,,,,,,,,,,,,,,,,
,急行,学園都市,都会,8:50:00,8:51:00,,8:52:00,,8:53:00,,8:54:00,,8:55:00,,8:56:00,,,,,,,,,,,,,,,,,,
,普通,学園都市,都会,8:53:00,8:54:00,8:54:30,8:55:30,8:56:00,8:57:00,8:57:30,8:58:30,8:59:00,9:00:00,9:00:30,9:01:30,,,,,,,,,,,,,,,,,,
,急行,温泉,都会,9:00:00,9:01:00,,9:02:00,,9:03:00,,9:04:00,,9:05:00,,9:06:00,9:06:30,9:07:30,,9:08:30,9:09:00,9:10:30,,9:12:00,,9:13:30,9:14:00,9:16:00,,9:18:00,,9:20:00,,9:22:00
,普通,温泉,都会,9:03:00,9:04:00,9:04:20,9:05:20,9:05:40,9:06:40,9:07:00,9:08:00,9:08:20,9:09:20,9:09:40,9:10:40,9:11:10,9:12:10,9:12:30,9:13:30,9:14:00,9:15:30,9:15:50,9:17:20,9:17:40,9:19:10,9:19:40,9:21:40,9:22:00,9:24:00,9:24:20,9:26:20,9:26:40,9:28:40
,普通,町中,都会,9:07:00,9:08:00,9:08:20,9:09:20,9:09:40,9:10:40,9:11:00,9:12:00,9:12:20,9:13:20,9:13:40,9:14:40,9:15:10,9:16:10,9:16:30,9:17:30,,,,,,,,,,,,,,
,急行,温泉,都会,9:15:00,9:16:00,,9:17:00,,9:18:00,,9:19:00,,9:20:00,,9:21:00,9:21:30,9:22:30,,9:23:30,9:24:00,9:25:30,,9:27:00,,9:28:30,9:29:00,9:31:00,,9:33:00,,9:35:00,,9:37:00
,普通,温泉,都会,9:18:00,9:19:00,9:19:20,9:20:20,9:20:40,9:21:40,9:22:00,9:23:00,9:23:20,9:24:20,9:24:40,9:25:40,9:26:10,9:27:10,9:27:30,9:28:30,9:29:00,9:30:30,9:30:50,9:32:20,9:32:40,9:34:10,9:34:40,9:36:40,9:37:00,9:39:00,9:39:20,9:41:20,9:41:40,9:43:40
,普通,町中,都会,9:22:00,9:23:00,9:23:20,9:24:20,9:24:40,9:25:40,9:26:00,9:27:00,9:27:20,9:28:20,9:28:40,9:29:40,9:30:10,9:31:10,9:31:30,9:32:30,,,,,,,,,,,,,,
,急行,温泉,都会,9:30:00,9:31:00,,9:32:00,,9:33:00,,9:34:00,,9:35:00,,9:36:00,9:36:30,9:37:30,,9:38:30,9:39:00,9:40:30,,9:42:00,,9:43:30,9:44:00,9:46:00,,9:48:00,,9:50:00,,9:52:00
,普通,温泉,都会,9:33:00,9:34:00,9:34:20,9:35:20,9:35:40,9:36:40,9:37:00,9:38:00,9:38:20,9:39:20,9:39:40,9:40:40,9:41:10,9:42:10,9:42:30,9:43:30,9:44:00,9:45:30,9:45:50,9:47:20,9:47:40,9:49:10,9:49:40,9:51:40,9:52:00,9:54:00,9:54:20,9:56:20,9:56:40,9:58:40
,普通,町中,都会,9:37:00,9:38:00,9:38:20,9:39:20,9:39:40,9:40:40,9:41:00,9:42:00,9:42:20,9:43:20,9:43:40,9:44:40,9:45:10,9:46:10,9:46:30,9:47:30,,,,,,,,,,,,,,
,急行,温泉,都会,9:45:00,9:46:00,,9:47:00,,9:48:00,,9:49:00,,9:50:00,,9:51:00,9:51:30,9:52:30,,9:53:30,9:54:00,9:55:30,,9:57:00,,9:58:30,9:59:00,10:01:00,,10:03:00,,10:05:00,,10:07:00
,普通,温泉,都会,9:48:00,9:49:00,9:49:20,9:50:20,9:50:40,9:51:40,9:52:00,9:53:00,9:53:20,9:54:20,9:54:40,9:55:40,9:56:10,9:57:10,9:57:30,9:58:30,9:59:00,10:00:30,10:00:50,10:02:20,10:02:40,10:04:10,10:04:40,10:06:40,10:07:00,10:09:00,10:09:20,10:11:20,10:11:40,10:13:40
,普通,町中,都会,9:52:00,9:53:00,9:53:20,9:54:20,9:54:40,9:55:40,9:56:00,9:57:00,9:57:20,9:58:20,9:58:40,9:59:40,10:00:10,10:01:10,10:01:30,10:02:30,,,,,,,,,,,,,,
1,急行,温泉,都会,10:00:00,10:01:00,,10:02:00,,10:03:00,,10:04:00,,10:05:00,,10:06:00,10:06:30,10:07:30,,10:08:30,10:09:00,10:10:30,,10:12:00,,10:13:30,10:14:00,10:16:00,,10:18:00,,10:20:00,,10:22:00
101,普通,温泉,都会,10:03:00,10:04:00,10:04:20,10:05:20,10:05:40,10:06:40,10:07:00,10:08:00,10:08:20,10:09:20,10:09:40,10:10:40,10:11:10,10:12:10,10:12:30,10:13:30,10:14:00,10:15:30,10:15:50,10:17:20,10:17:40,10:19:10,10:19:40,10:21:40,10:22:00,10:24:00,10:24:20,10:26:20,10:26:40,10:28:40
301,普通,町中,都会,10:07:00,10:08:00,10:08:20,10:09:20,10:09:40,10:10:40,10:11:00,10:12:00,10:12:20,10:13:20,10:13:40,10:14:40,10:15:10,10:16:10,10:16:30,10:17:30,,,,,,,,,,,,,,
,急行,温泉,都会,10:15:00,10:16:00,,10:17:00,,10:18:00,,10:19:00,,10:20:00,,10:21:00,10:21:30,10:22:30,,10:23:30,10:24:00,10:25:30,,10:27:00,,10:28:30,10:29:00,10:31:00,,10:33:00,,10:35:00,,10:37:00
,普通,温泉,都会,10:18:00,10:19:00,10:19:20,10:20:20,10:20:40,10:21:40,10:22:00,10:23:00,10:23:20,10:24:20,10:24:40,10:25:40,10:26:10,10:27:10,10:27:30,10:28:30,10:29:00,10:30:30,10:30:50,10:32:20,10:32:40,10:34:10,10:34:40,10:36:40,10:37:00,10:39:00,10:39:20,10:41:20,10:41:40,10:43:40
,普通,町中,都会,10:22:00,10:23:00,10:23:20,10:24:20,10:24:40,10:25:40,10:26:00,10:27:00,10:27:20,10:28:20,10:28:40,10:29:40,10:30:10,10:31:10,10:31:30,10:32:30,,,,,,,,,,,,,,
,急行,温泉,都会,10:30:00,10:31:00,,10:32:00,,10:33:00,,10:34:00,,10:35:00,,10:36:00,10:36:30,10:37:30,,10:38:30,10:39:00,10:40:30,,10:42:00,,10:43:30,10:44:00,10:46:00,,10:48:00,,10:50:00,,10:52:00
,普通,温泉,都会,10:33:00,10:34:00,10:34:20,10:35:20,10:35:40,10:36:40,10:37:00,10:38:00,10:38:20,10:39:20,10:39:40,10:40:40,10:41:10,10:42:10,10:42:30,10:43:30,10:44:00,10:45:30,10:45:50,10:47:20,10:47:40,10:49:10,10:49:40,10:51:40,10:52:00,10:54:00,10:54:20,10:56:20,10:56:40,10:58:40
,普通,町中,都会,10:37:00,10:38:00,10:38:20,10:39:20,10:39:40,10:40:40,10:41:00,10:42:00,10:42:20,10:43:20,10:43:40,10:44:40,10:45:10,10:46:10,10:46:30,10:47:30,,,,,,,,,,,,,,
,急行,温泉,都会,10:45:00,10:46:00,,10:47:00,,10:48:00,,10:49:00,,10:50:00,,10:51:00,10:51:30,10:52:30,,10:53:30,10:54:00,10:55:30,,10:57:00,,10:58:30,10:59:00,11:01:00,,11:03:00,,11:05:00,,11:07:00
,普通,温泉,都会,10:48:00,10:49:00,10:49:20,10:50:20,10:50:40,10:51:40,10:52:00,10:53:00,10:53:20,10:54:20,10:54:40,10:55:40,10:56:10,10:57:10,10:57:30,10:58:30,10:59:00,11:00:30,11:00:50,11:02:20,11:02:40,11:04:10,11:04:40,11:06:40,11:07:00,11:09:00,11:09:20,11:11:20,11:11:40,11:13:40
,普通,町中,都会,10:52:00,10:53:00,10:53:20,10:54:20,10:54:40,10:55:40,10:56:00,10:57:00,10:57:20,10:58:20,10:58:40,10:59:40,11:00:10,11:01:10,11:01:30,11:02:30,,,,,,,,,,,,,,
,急行,温泉,都会,11:00:00,11:01:00,,11:02:00,,11:03:00,,11:04:00,,11:05:00,,11:06:00,11:06:30,11:07:30,,11:08:30,11:09:00,11:10:30,,11:12:00,,11:13:30,11:14:00,11:16:00,,11:18:00,,11:20:00,,11:22:00
,普通,温泉,都会,11:03:00,11:04:00,11:04:20,11:05:20,11:05:40,11:06:40,11:07:00,11:08:00,11:08:20,11:09:20,11:09:40,11:10:40,11:11:10,11:12:10,11:12:30,11:13:30,11:14:00,11:15:30,11:15:50,11:17:20,11:17:40,11:19:10,11:19:40,11:21:40,11:22:00,11:24:00,11:24:20,11:26:20,11:26:40,11:28:40
,普通,町中,都会,11:07:00,11:08:00,11:08:20,11:09:20,11:09:40,11:10:40,11:11:00,11:12:00,11:12:20,11:13:20,11:13:40,11:14:40,11:15:10,11:16:10,11:16:30,11:17:30,,,,,,,,,,,,,,
,急行,温泉,都会,11:15:00,11:16:00,,11:17:00,,11:18:00,,11:19:00,,11:20:00,,11:21:00,11:21:30,11:22:30,,11:23:30,11:24:00,11:25:30,,11:27:00,,11:28:30,11:29:00,11:31:00,,11:33:00,,11:35:00,,11:37:00
,普通,温泉,都会,11:18:00,11:19:00,11:19:20,11:20:20,11:20:40,11:21:40,11:22:00,11:23:00,11:23:20,11:24:20,11:24:40,11:25:40,11:26:10,11:27:10,11:27:30,11:28:30,11:29:00,11:30:30,11:30:50,11:32:20,11:32:40,11:34:10,11:34:40,11:36:40,11:37:00,11:39:00,11:39:20,11:41:20,11:41:40,11:43:40
,普通,町中,都会,11:22:00,11:23:00,11:23:20,11:24:20,11:24:40,11:25:40,11:26:00,11:27:00,11:27:20,11:28:20,11:28:40,11:29:40,11:30:10,11:31:10,11:31:30,11:32:30,,,,,,,,,,,,,,
,急行,温泉,都会,11:30:00,11:31:00,,11:32:00,,11:33:00,,11:34:00,,11:35:00,,11:36:00,11:36:30,11:37:30,,11:38:30,11:39:00,11:40:30,,11:42:00,,11:43:30,11:44:00,11:46:00,,11:48:00,,11:50:00,,11:52:00
,普通,温泉,都会,11:33:00,11:34:00,11:34:20,11:35:20,11:35:40,11:36:40,11:37:00,11:38:00,11:38:20,11:39:20,11:39:40,11:40:40,11:41:10,11:42:10,11:42:30,11:43:30,11:44:00,11:45:30,11:45:50,11:47:20,11:47:40,11:49:10,11:49:40,11:51:40,11:52:00,11:54:00,11:54:20,11:56:20,11:56:40,11:58:40
,普通,町中,都会,11:37:00,11:38:00,11:38:20,11:39:20,11:39:40,11:40:40,11:41:00,11:42:00,11:42:20,11:43:20,11:43:40,11:44:40,11:45:10,11:46:10,11:46:30,11:47:30,,,,,,,,,,,,,,
,急行,温泉,都会,11:45:00,11:46:00,,11:47:00,,11:48:00,,11:49:00,,11:50:00,,11:51:00,11:51:30,11:52:30,,11:53:30,11:54:00,11:55:30,,11:57:00,,11:58:30,11:59:00,12:01:00,,12:03:00,,12:05:00,,12:07:00
,普通,温泉,都会,11:48:00,11:49:00,11:49:20,11:50:20,11:50:40,11:51:40,11:52:00,11:53:00,11:53:20,11:54:20,11:54:40,11:55:40,11:56:10,11:57:10,11:57:30,11:58:30,11:59:00,12:00:30,12:00:50,12:02:20,12:02:40,12:04:10,12:04:40,12:06:40,12:07:00,12:09:00,12:09:20,12:11:20,12:11:40,12:13:40
,普通,町中,都会,11:52:00,11:53:00,11:53:20,11:54:20,11:54:40,11:55:40,11:56:00,11:57:00,11:57:20,11:58:20,11:58:40,11:59:40,12:00:10,12:01:10,12:01:30,12:02:30,,,,,,,,,,,,,,
,急行,温泉,都会,12:00:00,12:01:00,,12:02:00,,12:03:00,,12:04:00,,12:05:00,,12:06:00,12:06:30,12:07:30,,12:08:30,12:09:00,12:10:30,,12:12:00,,12:13:30,12:14:00,12:16:00,,12:18:00,,12:20:00,,12:22:00
,普通,温泉,都会,12:03:00,12:04:00,12:04:20,12:05:20,12:05:40,12:06:40,12:07:00,12:08:00,12:08:20,12:09:20,12:09:40,12:10:40,12:11:10,12:12:10,12:12:30,12:13:30,12:14:00,12:15:30,12:15:50,12:17:20,12:17:40,12:19:10,12:19:40,12:21:40,12:22:00,12:24:00,12:24:20,12:26:20,12:26:40,12:28:40
,普通,町中,都会,12:07:00,12:08:00,12:08:20,12:09:20,12:09:40,12:10:40,12:11:00,12:12:00,12:12:20,12:13:20,12:13:40,12:14:40,12:15:10,12:16:10,12:16:30,12:17:30,,,,,,,,,,,,,,
,急行,温泉,都会,12:15:00,12:16:00,,12:17:00,,12:18:00,,12:19:00,,12:20:00,,12:21:00,12:21:30,12:22:30,,12:23:30,12:24:00,12:25:30,,12:27:00,,12:28:30,12:29:00,12:31:00,,12:33:00,,12:35:00,,12:37:00
,普通,温泉,都会,12:18:00,12:19:00,12:19:20,12:20:20,12:20:40,12:21:40,12:22:00,12:23:00,12:23:20,12:24:20,12:24:40,12:25:40,12:26:10,12:27:10,12:27:30,12:28:30,12:29:00,12:30:30,12:30:50,12:32:20,12:32:40,12:34:10,12:34:40,12:36:40,12:37:00,12:39:00,12:39:20,12:41:20,12:41:40,12:43:40
,普通,町中,都会,12:22:00,12:23:00,12:23:20,12:24:20,12:24:40,12:25:40,12:26:00,12:27:00,12:27:20,12:28:20,12:28:40,12:29:40,12:30:10,12:31:10,12:31:30,12:32:30,,,,,,,,,,,,,,
,急行,温泉,都会,12:30:00,12:31:00,,12:32:00,,12:33:00,,12:34:00,,12:35:00,,12:36:00,12:36:30,12:37:30,,12:38:30,12:39:00,12:40:30,,12:42:00,,12:43:30,12:44:00,12:46:00,,12:48:00,,12:50:00,,12:52:00
,普通,温泉,都会,12:33:00,12:34:00,12:34:20,12:35:20,12:35:40,12:36:40,12:37:00,12:38:00,12:38:20,12:39:20,12:39:40,12:40:40,12:41:10,12:42:10,12:42:30,12:43:30,12:44:00,12:45:30,12:45:50,12:47:20,12:47:40,12:49:10,12:49:40,12:51:40,12:52:00,12:54:00,12:54:20,12:56:20,12:56:40,12:58:40
,普通,町中,都会,12:37:00,12:38:00,12:38:20,12:39:20,12:39:40,12:40:40,12:41:00,12:42:00,12:42:20,12:43:20,12:43:40,12:44:40,12:45:10,12:46:10,12:46:30,12:47:30,,,,,,,,,,,,,,
,急行,温泉,都会,12:45:00,12:46:00,,12:47:00,,12:48:00,,12:49:00,,12:50:00,,12:51:00,12:51:30,12:52:30,,12:53:30,12:54:00,12:55:30,,12:57:00,,12:58:30,12:59:00,13:01:00,,13:03:00,,13:05:00,,13:07:00
,普通,温泉,都会,12:48:00,12:49:00,12:49:20,12:50:20,12:50:40,12:51:40,12:52:00,12:53:00,12:53:20,12:54:20,12:54:40,12:55:40,12:56:10,12:57:10,12:57:30,12:58:30,12:59:00,13:00:30,13:00:50,13:02:20,13:02:40,13:04:10,13:04:40,13:06:40,13:07:00,13:09:00,13:09:20,13:11:20,13:11:40,13:13:40
,普通,町中,都会,12:52:00,12:53:00,12:53:20,12:54:20,12:54:40,12:55:40,12:56:00,12:57:00,12:57:20,12:58:20,12:58:40,12:59:40,13:00:10,13:01:10,13:01:30,13:02:30,,,,,,,,,,,,,,
,急行,温泉,都会,13:00:00,13:01:00,,13:02:00,,13:03:00,,13:04:00,,13:05:00,,13:06:00,13:06:30,13:07:30,,13:08:30,13:09:00,13:10:30,,13:12:00,,13:13:30,13:14:00,13:16:00,,13:18:00,,13:20:00,,13:22:00
,普通,温泉,都会,13:03:00,13:04:00,13:04:20,13:05:20,13:05:40,13:06:40,13:07:00,13:08:00,13:08:20,13:09:20,13:09:40,13:10:40,13:11:10,13:12:10,13:12:30,13:13:30,13:14:00,13:15:30,13:15:50,13:17:20,13:17:40,13:19:10,13:19:40,13:21:40,13:22:00,13:24:00,13:24:20,13:26:20,13:26:40,13:28:40
,普通,町中,都会,13:07:00,13:08:00,13:08:20,13:09:20,13:09:40,13:10:40,13:11:00,13:12:00,13:12:20,13:13:20,13:13:40,13:14:40,13:15:10,13:16:10,13:16:30,13:17:30,,,,,,,,,,,,,,
,急行,温泉,都会,13:15:00,13:16:00,,13:17:00,,13:18:00,,13:19:00,,13:20:00,,13:21:00,13:21:30,13:22:30,,13:23:30,13:24:00,13:25:30,,13:27:00,,13:28:30,13:29:00,13:31:00,,13:33:00,,13:35:00,,13:37:00
,普通,温泉,都会,13:18:00,13:19:00,13:19:20,13:20:20,13:20:40,13:21:40,13:22:00,13:23:00,13:23:20,13:24:20,13:24:40,13:25:40,13:26:10,13:27:10,13:27:30,13:28:30,13:29:00,13:30:30,13:30:50,13:32:20,13:32:40,13:34:10,13:34:40,13:36:40,13:37:00,13:39:00,13:39:20,13:41:20,13:41:40,13:43:40
,普通,町中,都会,13:22:00,13:23:00,13:23:20,13:24:20,13:24:40,13:25:40,13:26:00,13:27:00,13:27:20,13:28:20,13:28:40,13:29:40,13:30:10,13:31:10,13:31:30,13:32:30,,,,,,,,,,,,,,
,急行,温泉,都会,13:30:00,13:31:00,,13:32:00,,13:33:00,,13:34:00,,13:35:00,,13:36:00,13:36:30,13:37:30,,13:38:30,13:39:00,13:40:30,,13:42:00,,13:43:30,13:44:00,13:46:00,,13:48:00,,13:50:00,,13:52:00
,普通,温泉,都会,13:33:00,13:34:00,13:34:20,13:35:20,13:35:40,13:36:40,13:37:00,13:38:00,13:38:20,13:39:20,13:39:40,13:40:40,13:41:10,13:42:10,13:42:30,13:43:30,13:44:00,13:45:30,13:45:50,13:47:20,13:47:40,13:49:10,13:49:40,13:51:40,13:52:00,13:54:00,13:54:20,13:56:20,13:56:40,13:58:40
,普通,町中,都会,13:37:00,13:38:00,13:38:20,13:39:20,13:39:40,13:40:40,13:41:00,13:42:00,13:42:20,13:43:20,13:43:40,13:44:40,13:45:10,13:46:10,13:46:30,13:47:30,,,,,,,,,,,,,,
,急行,温泉,都会,13:45:00,13:46:00,,13:47:00,,13:48:00,,13:49:00,,13:50:00,,13:51:00,13:51:30,13:52:30,,13:53:30,13:54:00,13:55:30,,13:57:00,,13:58:30,13:59:00,14:01:00,,14:03:00,,14:05:00,,14:07:00
,普通,温泉,都会,13:48:00,13:49:00,13:49:20,13:50:20,13:50:40,13:51:40,13:52:00,13:53:00,13:53:20,13:54:20,13:54:40,13:55:40,13:56:10,13:57:10,13:57:30,13:58:30,13:59:00,14:00:30,14:00:50,14:02:20,14:02:40,14:04:10,14:04:40,14:06:40,14:07:00,14:09:00,14:09:20,14:11:20,14:11:40,14:13:40
,普通,町中,都会,13:52:00,13:53:00,13:53:20,13:54:20,13:54:40,13:55:40,13:56:00,13:57:00,13:57:20,13:58:20,13:58:40,13:59:40,14:00:10,14:01:10,14:01:30,14:02:30,,,,,,,,,,,,,,
,急行,温泉,都会,14:00:00,14:01:00,,14:02:00,,14:03:00,,14:04:00,,14:05:00,,14:06:00,14:06:30,14:07:30,,14:08:30,14:09:00,14:10:30,,14:12:00,,14:13:30,14:14:00,14:16:00,,14:18:00,,14:20:00,,14:22:00
,普通,温泉,都会,14:03:00,14:04:00,14:04:20,14:05:20,14:05:40,14:06:40,14:07:00,14:08:00,14:08:20,14:09:20,14:09:40,14:10:40,14:11:10,14:12:10,14:12:30,14:13:30,14:14:00,14:15:30,14:15:50,14:17:20,14:17:40,14:19:10,14:19:40,14:21:40,14:22:00,14:24:00,14:24:20,14:26:20,14:26:40,14:28:40
,普通,町中,都会,14:07:00,14:08:00,14:08:20,14:09:20,14:09:40,14:10:40,14:11:00,14:12:00,14:12:20,14:13:20,14:13:40,14:14:40,14:15:10,14:16:10,14:16:30,14:17:30,,,,,,,,,,,,,,
,急行,温泉,都会,14:15:00,14:16:00,,14:17:00,,14:18:00,,14:19:00,,14:20:00,,14:21:00,14:21:30,14:22:30,,14:23:30,14:24:00,14:25:30,,14:27:00,,14:28:30,14:29:00,14:31:00,,14:33:00,,14:35:00,,14:37:00
,普通,温泉,都会,14:18:00,14:19:00,14:19:20,14:20:20,14:20:40,14:21:40,14:22:00,14:23:00,14:23:20,14:24:20,14:24:40,14:25:40,14:26:10,14:27:10,14:27:30,14:28:30,14:29:00,14:30:30,14:30:50,14:32:20,14:32:40,14:34:10,14:34:40,14:36:40,14:37:00,14:39:00,14:39:20,14:41:20,14:41:40,14:43:40
,普通,町中,都会,14:22:00,14:23:00,14:23:20,14:24:20,14:24:40,14:25:40,14:26:00,14:27:00,14:27:20,14:28:20,14:28:40,14:29:40,14:30:10,14:31:10,14:31:30,14:32:30,,,,,,,,,,,,,,
,急行,温泉,都会,14:30:00,14:31:00,,14:32:00,,14:33:00,,14:34:00,,14:35:00,,14:36:00,14:36:30,14:37:30,,14:38:30,14:39:00,14:40:30,,14:42:00,,14:43:30,14:44:00,14:46:00,,14:48:00,,14:50:00,,14:52:00
,普通,温泉,都会,14:33:00,14:34:00,14:34:20,14:35:20,14:35:40,14:36:40,14:37:00,14:38:00,14:38:20,14:39:20,14:39:40,14:40:40,14:41:10,14:42:10,14:42:30,14:43:30,14:44:00,14:45:30,14:45:50,14:47:20,14:47:40,14:49:10,14:49:40,14:51:40,14:52:00,14:54:00,14:54:20,14:56:20,14:56:40,14:58:40
,普通,町中,都会,14:37:00,14:38:00,14:38:20,14:39:20,14:39:40,14:40:40,14:41:00,14:42:00,14:42:20,14:43:20,14:43:40,14:44:40,14:45:10,14:46:10,14:46:30,14:47:30,,,,,,,,,,,,,,
,急行,温泉,都会,14:45:00,14:46:00,,14:47:00,,14:48:00,,14:49:00,,14:50:00,,14:51:00,14:51:30,14:52:30,,14:53:30,14:54:00,14:55:30,,14:57:00,,14:58:30,14:59:00,15:01:00,,15:03:00,,15:05:00,,15:07:00
,普通,温泉,都会,14:48:00,14:49:00,14:49:20,14:50:20,14:50:40,14:51:40,14:52:00,14:53:00,14:53:20,14:54:20,14:54:40,14:55:40,14:56:10,14:57:10,14:57:30,14:58:30,14:59:00,15:00:30,15:00:50,15:02:20,15:02:40,15:04:10,15:04:40,15:06:40,15:07:00,15:09:00,15:09:20,15:11:20,15:11:40,15:13:40
,普通,町中,都会,14:52:00,14:53:00,14:53:20,14:54:20,14:54:40,14:55:40,14:56:00,14:57:00,14:57:20,14:58:20,14:58:40,14:59:40,15:00:10,15:01:10,15:01:30,15:02:30,,,,,,,,,,,,,,
,急行,温泉,都会,15:00:00,15:01:00,,15:02:00,,15:03:00,,15:04:00,,15:05:00,,15:06:00,15:06:30,15:07:30,,15:08:30,15:09:00,15:10:30,,15:12:00,,15:13:30,15:14:00,15:16:00,,15:18:00,,15:20:00,,15:22:00
,普通,温泉,都会,15:03:00,15:04:00,15:04:20,15:05:20,15:05:40,15:06:40,15:07:00,15:08:00,15:08:20,15:09:20,15:09:40,15:10:40,15:11:10,15:12:10,15:12:30,15:13:30,15:14:00,15:15:30,15:15:50,15:17:20,15:17:40,15:19:10,15:19:40,15:21:40,15:22:00,15:24:00,15:24:20,15:26:20,15:26:40,15:28:40
,普通,町中,都会,15:07:00,15:08:00,15:08:20,15:09:20,15:09:40,15:10:40,15:11:00,15:12:00,15:12:20,15:13:20,15:13:40,15:14:40,15:15:10,15:16:10,15:16:30,15:17:30,,,,,,,,,,,,,,
,急行,温泉,都会,15:15:00,15:16:00,,15:17:00,,15:18:00,,15:19:00,,15:20:00,,15:21:00,15:21:30,15:22:30,,15:23:30,15:24:00,15:25:30,,15:27:00,,15:28:30,15:29:00,15:31:00,,15:33:00,,15:35:00,,15:37:00
,普通,温泉,都会,15:18:00,15:19:00,15:19:20,15:20:20,15:20:40,15:21:40,15:22:00,15:23:00,15:23:20,15:24:20,15:24:40,15:25:40,15:26:10,15:27:10,15:27:30,15:28:30,15:29:00,15:30:30,15:30:50,15:32:20,15:32:40,15:34:10,15:34:40,15:36:40,15:37:00,15:39:00,15:39:20,15:41:20,15:41:40,15:43:40
,普通,町中,都会,15:22:00,15:23:00,15:23:20,15:24:20,15:24:40,15:25:40,15:26:00,15:27:00,15:27:20,15:28:20,15:28:40,15:29:40,15:30:10,15:31:10,15:31:30,15:32:30,,,,,,,,,,,,,,
,急行,温泉,都会,15:30:00,15:31:00,,15:32:00,,15:33:00,,15:34:00,,15:35:00,,15:36:00,15:36:30,15:37:30,,15:38:30,15:39:00,15:40:30,,15:42:00,,15:43:30,15:44:00,15:46:00,,15:48:00,,15:50:00,,15:52:00
,普通,温泉,都会,15:33:00,15:34:00,15:34:20,15:35:20,15:35:40,15:36:40,15:37:00,15:38:00,15:38:20,15:39:20,15:39:40,15:40:40,15:41:10,15:42:10,15:42:30,15:43:30,15:44:00,15:45:30,15:45:50,15:47:20,15:47:40,15:49:10,15:49:40,15:51:40,15:52:00,15:54:00,15:54:20,15:56:20,15:56:40,15:58:40
,普通,町中,都会,15:37:00,15:38:00,15:38:20,15:39:20,15:39:40,15:40:40,15:41:00,15:42:00,15:42:20,15:43:20,15:43:40,15:44:40,15:45:10,15:46:10,15:46:30,15:47:30,,,,,,,,,,,,,,
,急行,温泉,都会,15:45:00,15:46:00,,15:47:00,,15:48:00,,15:49:00,,15:50:00,,15:51:00,15:51:30,15:52:30,,15:53:30,15:54:00,15:55:30,,15:57:00,,15:58:30,15:59:00,16:01:00,,16:03:00,,16:05:00,,16:07:00
,普通,温泉,都会,15:48:00,15:49:00,15:49:20,15:50:20,15:50:40,15:51:40,15:52:00,15:53:00,15:53:20,15:54:20,15:54:40,15:55:40,15:56:10,15:57:10,15:57:30,15:58:30,15:59:00,16:00:30,16:00:50,16:02:20,16:02:40,16:04:10,16:04:40,16:06:40,16:07:00,16:09:00,16:09:20,16:11:20,16:11:40,16:13:40
,普通,町中,都会,15:52:00,15:53:00,15:53:20,15:54:20,15:54:40,15:55:40,15:56:00,15:57:00,15:57:20,15:58:20,15:58:40,15:59:40,16:00:10,16:01:10,16:01:30,16:02:30,,,,,,,,,,,,,,
,急行,温泉,都会,16:00:00,16:01:00,,16:02:00,,16:03:00,,16:04:00,,16:05:00,,16:06:00,16:06:30,16:07:30,,16:08:30,16:09:00,16:10:30,,16:12:00,,16:13:30,16:14:00,16:16:00,,16:18:00,,16:20:00,,16:22:00
,普通,温泉,都会,16:03:00,16:04:00,16:04:20,16:05:20,16:05:40,16:06:40,16:07:00,16:08:00,16:08:20,16:09:20,16:09:40,16:10:40,16:11:10,16:12:10,16:12:30,16:13:30,16:14:00,16:15:30,16:15:50,16:17:20,16:17:40,16:19:10,16:19:40,16:21:40,16:22:00,16:24:00,16:24:20,16:26:20,16:26:40,16:28:40
,普通,町中,都会,16:07:00,16:08:00,16:08:20,16:09:20,16:09:40,16:10:40,16:11:00,16:12:00,16:12:20,16:13:20,16:13:40,16:14:40,16:15:10,16:16:10,16:16:30,16:17:30,,,,,,,,,,,,,,
,急行,温泉,都会,16:15:00,16:16:00,,16:17:00,,16:18:00,,16:19:00,,16:20:00,,16:21:00,16:21:30,16:22:30,,16:23:30,16:24:00,16:25:30,,16:27:00,,16:28:30,16:29:00,16:31:00,,16:33:00,,16:35:00,,16:37:00
,普通,温泉,都会,16:18:00,16:19:00,16:19:20,16:20:20,16:20:40,16:21:40,16:22:00,16:23:00,16:23:20,16:24:20,16:24:40,16:25:40,16:26:10,16:27:10,16:27:30,16:28:30,16:29:00,16:30:30,16:30:50,16:32:20,16:32:40,16:34:10,16:34:40,16:36:40,16:37:00,16:39:00,16:39:20,16:41:20,16:41:40,16:43:40
,普通,町中,都会,16:22:00,16:23:00,16:23:20,16:24:20,16:24:40,16:25:40,16:26:00,16:27:00,16:27:20,16:28:20,16:28:40,16:29:40,16:30:10,16:31:10,16:31:30,16:32:30,,,,,,,,,,,,,,
,急行,温泉,都会,16:30:00,16:31:00,,16:32:00,,16:33:00,,16:34:00,,16:35:00,,16:36:00,16:36:30,16:37:30,,16:38:30,16:39:00,16:40:30,,16:42:00,,16:43:30,16:44:00,16:46:00,,16:48:00,,16:50:00,,16:52:00
,普通,温泉,都会,16:33:00,16:34:00,16:34:20,16:35:20,16:35:40,16:36:40,16:37:00,16:38:00,16:38:20,16:39:20,16:39:40,16:40:40,16:41:10,16:42:10,16:42:30,16:43:30,16:44:00,16:45:30,16:45:50,16:47:20,16:47:40,16:49:10,16:49:40,16:51:40,16:52:00,16:54:00,16:54:20,16:56:20,16:56:40,16:58:40
,普通,町中,都会,16:37:00,16:38:00,16:38:20,16:39:20,16:39:40,16:40:40,16:41:00,16:42:00,16:42:20,16:43:20,16:43:40,16:44:40,16:45:10,16:46:10,16:46:30,16:47:30,,,,,,,,,,,,,,
,急行,温泉,都会,16:45:00,16:46:00,,16:47:00,,16:48:00,,16:49:00,,16:50:00,,16:51:00,16:51:30,16:52:30,,16:53:30,16:54:00,16:55:30,,16:57:00,,16:58:30,16:59:00,17:01:00,,17:03:00,,17:05:00,,17:07:00
,普通,温泉,都会,16:48:00,16:49:00,16:49:20,16:50:20,16:50:40,16:51:40,16:52:00,16:53:00,16:53:20,16:54:20,16:54:40,16:55:40,16:56:10,16:57:10,16:57:30,16:58:30,16:59:00,17:00:30,17:00:50,17:02:20,17:02:40,17:04:10,17:04:40,17:06:40,17:07:00,17:09:00,17:09:20,17:11:20,17:11:40,17:13:40
,普通,町中,都会,16:52:00,16:53:00,16:53:20,16:54:20,16:54:40,16:55:40,16:56:00,16:57:00,16:57:20,16:58:20,16:58:40,16:59:40,17:00:10,17:01:10,17:01:30,17:02:30,,,,,,,,,,,,,,
,急行,温泉,都会,17:00:00,17:01:00,,17:02:00,,17:03:00,,17:04:00,,17:05:00,,17:06:00,17:06:30,17:07:30,,17:08:30,17:09:00,17:10:30,,17:12:00,,17:13:30,17:14:00,17:16:00,,17:18:00,,17:20:00,,17:22:00
,普通,町中,都会,17:03:00,17:04:00,17:04:20,17:05:20,17:05:40,17:06:40,17:07:00,17:08:00,17:08:20,17:09:20,17:09:40,17:10:40,17:11:10,17:12:10,17:12:30,17:13:30,,,,,,,,,,,,,,
,通勤急行,温泉,都会,17:07:00,17:08:00,,17:09:00,,17:10:00,,17:11:00,,17:12:00,,17:13:00,17:13:30,17:14:30,,17:15:30,17:16:00,17:17:30,17:17:50,17:19:20,17:19:40,17:21:10,17:21:40,17:23:40,17:24:00,17:26:00,17:26:20,17:28:20,17:28:40,17:30:40
,普通,町中,都会,17:10:00,17:11:00,17:11:20,17:12:20,17:12:40,17:13:40,17:14:00,17:15:00,17:15:20,17:16:20,17:16:40,17:17:40,17:18:10,17:19:10,17:19:30,17:20:30,,,,,,,,,,,,,,
,急行,温泉,都会,17:15:00,17:16:00,,17:17:00,,17:18:00,,17:19:00,,17:20:00,,17:21:00,17:21:30,17:22:30,,17:23:30,17:24:00,17:25:30,,17:27:00,,17:28:30,17:29:00,17:31:00,,17:33:00,,17:35:00,,17:37:00
,普通,町中,都会,17:18:00,17:19:00,17:19:20,17:20:20,17:20:40,17:21:40,17:22:00,17:23:00,17:23:20,17:24:20,17:24:40,17:25:40,17:26:10,17:27:10,17:27:30,17:28:30,,,,,,,,,,,,,,
,通勤急行,温泉,都会,17:22:00,17:23:00,,17:24:00,,17:25:00,,17:26:00,,17:27:00,,17:28:00,17:28:30,17:29:30,,17:30:30,17:31:00,17:32:30,17:32:50,17:34:20,17:34:40,17:36:10,17:36:40,17:38:40,17:39:00,17:41:00,17:41:20,17:43:20,17:43:40,17:45:40
,普通,町中,都会,17:25:00,17:26:00,17:26:20,17:27:20,17:27:40,17:28:40,17:29:00,17:30:00,17:30:20,17:31:20,17:31:40,17:32:40,17:33:10,17:34:10,17:34:30,17:35:30,,,,,,,,,,,,,,
,急行,温泉,都会,17:30:00,17:31:00,,17:32:00,,17:33:00,,17:34:00,,17:35:00,,17:36:00,17:36:30,17:37:30,,17:38:30,17:39:00,17:40:30,,17:42:00,,17:43:30,17:44:00,17:46:00,,17:48:00,,17:50:00,,17:52:00
,普通,町中,都会,17:33:00,17:34:00,17:34:20,17:35:20,17:35:40,17:36:40,17:37:00,17:38:00,17:38:20,17:39:20,17:39:40,17:40:40,17:41:10,17:42:10,17:42:30,17:43:30,,,,,,,,,,,,,,
,通勤急行,温泉,都会,17:37:00,17:38:00,,17:39:00,,17:40:00,,17:41:00,,17:42:00,,17:43:00,17:43:30,17:44:30,,17:45:30,17:46:00,17:47:30,17:47:50,17:49:20,17:49:40,17:51:10,17:51:40,17:53:40,17:54:00,17:56:00,17:56:20,17:58:20,17:58:40,18:00:40
,普通,町中,都会,17:40:00,17:41:00,17:41:20,17:42:20,17:42:40,17:43:40,17:44:00,17:45:00,17:45:20,17:46:20,17:46:40,17:47:40,17:48:10,17:49:10,17:49:30,17:50:30,,,,,,,,,,,,,,
,急行,温泉,都会,17:45:00,17:46:00,,17:47:00,,17:48:00,,17:49:00,,17:50:00,,17:51:00,17:51:30,17:52:30,,17:53:30,17:54:00,17:55:30,,17:57:00,,17:58:30,17:59:00,18:01:00,,18:03:00,,18:05:00,,18:07:00
,普通,町中,都会,17:48:00,17:49:00,17:49:20,17:50:20,17:50:40,17:51:40,17:52:00,17:53:00,17:53:20,17:54:20,17:54:40,17:55:40,17:56:10,17:57:10,17:57:30,17:58:30,,,,,,,,,,,,,,
,通勤急行,温泉,都会,17:52:00,17:53:00,,17:54:00,,17:55:00,,17:56:00,,17:57:00,,17:58:00,17:58:30,17:59:30,,18:00:30,18:01:00,18:02:30,18:02:50,18:04:20,18:04:40,18:06:10,18:06:40,18:08:40,18:09:00,18:11:00,18:11:20,18:13:20,18:13:40,18:15:40
,普通,町中,都会,17:55:00,17:56:00,17:56:20,17:57:20,17:57:40,17:58:40,17:59:00,18:00:00,18:00:20,18:01:20,18:01:40,18:02:40,18:03:10,18:04:10,18:04:30,18:05:30,,,,,,,,,,,,,,
,急行,温泉,都会,18:00:00,18:01:00,,18:02:00,,18:03:00,,18:04:00,,18:05:00,,18:06:00,18:06:30,18:07:30,,18:08:30,18:09:00,18:10:30,,18:12:00,,18:13:30,18:14:00,18:16:00,,18:18:00,,18:20:00,,18:22:00
,普通,町中,都会,18:03:00,18:04:00,18:04:20,18:05:20,18:05:40,18:06:40,18:07:00,18:08:00,18:08:20,18:09:20,18:09:40,18:10:40,18:11:10,18:12:10,18:12:30,18:13:30,,,,,,,,,,,,,,
,通勤急行,温泉,都会,18:07:00,18:08:00,,18:09:00,,18:10:00,,18:11:00,,18:12:00,,18:13:00,18:13:30,18:14:30,,18:15:30,18:16:00,18:17:30,18:17:50,18:19:20,18:19:40,18:21:10,18:21:40,18:23:40,18:24:00,18:26:00,18:26:20,18:28:20,18:28:40,18:30:40
,普通,町中,都会,18:10:00,18:11:00,18:11:20,18:12:20,18:12:40,18:13:40,18:14:00,18:15:00,18:15:20,18:16:20,18:16:40,18:17:40,18:18:10,18:19:10,18:19:30,18:20:30,,,,,,,,,,,,,,
,急行,温泉,都会,18:15:00,18:16:00,,18:17:00,,18:18:00,,18:19:00,,18:20:00,,18:21:00,18:21:30,18:22:30,,18:23:30,18:24:00,18:25:30,,18:27:00,,18:28:30,18:29:00,18:31:00,,18:33:00,,18:35:00,,18:37:00
,普通,町中,都会,18:18:00,18:19:00,18:19:20,18:20:20,18:20:40,18:21:40,18:22:00,18:23:00,18:23:20,18:24:20,18:24:40,18:25:40,18:26:10,18:27:10,18:27:30,18:28:30,,,,,,,,,,,,,,
,通勤急行,温泉,都会,18:22:00,18:23:00,,18:24:00,,18:25:00,,18:26:00,,18:27:00,,18:28:00,18:28:30,18:29:30,,18:30:30,18:31:00,18:32:30,18:32:50,18:34:20,18:34:40,18:36:10,18:36:40,18:38:40,18:39:00,18:41:00,18:41:20,18:43:20,18:43:40,18:45:40
,普通,町中,都会,18:25:00,18:26:00,18:26:20,18:27:20,18:27:40,18:28:40,18:29:00,18:30:00,18:30:20,18:31:20,18:31:40,18:32:40,18:33:10,18:34:10,18:34:30,18:35:30,,,,,,,,,,,,,,
,急行,温泉,都会,18:30:00,18:31:00,,18:32:00,,18:33:00,,18:34:00,,18:35:00,,18:36:00,18:36:30,18:37:30,,18:38:30,18:39:00,18:40:30,,18:42:00,,18:43:30,18:44:00,18:46:00,,18:48:00,,18:50:00,,18:52:00
,普通,町中,都会,18:33:00,18:34:00,18:34:20,18:35:20,18:35:40,18:36:40,18:37:00,18:38:00,18:38:20,18:39:20,18:39:40,18:40:40,18:41:10,18:42:10,18:42:30,18:43:30,,,,,,,,,,,,,,
,通勤急行,温泉,都会,18:37:00,18:38:00,,18:39:00,,18:40:00,,18:41:00,,18:42:00,,18:43:00,18:43:30,18:44:30,,18:45:30,18:46:00,18:47:30,18:47:50,18:49:20,18:49:40,18:51:10,18:51:40,18:53:40,18:54:00,18:56:00,18:56:20,18:58:20,18:58:40,19:00:40
,普通,町中,都会,18:40:00,18:41:00,18:41:20,18:42:20,18:42:40,18:43:40,18:44:00,18:45:00,18:45:20,18:46:20,18:46:40,18:47:40,18:48:10,18:49:10,18:49:30,18:50:30,,,,,,,,,,,,,,
,急行,温泉,都会,18:45:00,18:46:00,,18:47:00,,18:48:00,,18:49:00,,18:50:00,,18:51:00,18:51:30,18:52:30,,18:53:30,18:54:00,18:55:30,,18:57:00,,18:58:30,18:59:00,19:01:00,,19:03:00,,19:05:00,,19:07:00
,普通,町中,都会,18:48:00,18:49:00,18:49:20,18:50:20,18:50:40,18:51:40,18:52:00,18:53:00,18:53:20,18:54:20,18:54:40,18:55:40,18:56:10,18:57:10,18:57:30,18:58:30,,,,,,,,,,,,,,
,通勤急行,温泉,都会,18:52:00,18:53:00,,18:54:00,,18:55:00,,18:56:00,,18:57:00,,18:58:00,18:58:30,18:59:30,,19:00:30,19:01:00,19:02:30,19:02:50,19:04:20,19:04:40,19:06:10,19:06:40,19:08:40,19:09:00,19:11:00,19:11:20,19:13:20,19:13:40,19:15:40
,普通,町中,都会,18:55:00,18:56:00,18:56:20,18:57:20,18:57:40,18:58:40,18:59:00,19:00:00,19:00:20,19:01:20,19:01:40,19:02:40,19:03:10,19:04:10,19:04:30,19:05:30,,,,,,,,,,,,,,
,急行,温泉,都会,19:00:00,19:01:00,,19:02:00,,19:03:00,,19:04:00,,19:05:00,,19:06:00,19:06:30,19:07:30,,19:08:30,19:09:00,19:10:30,,19:12:00,,19:13:30,19:14:00,19:16:00,,19:18:00,,19:20:00,,19:22:00
,普通,町中,都会,19:03:00,19:04:00,19:04:20,19:05:20,19:05:40,19:06:40,19:07:00,19:08:00,19:08:20,19:09:20,19:09:40,19:10:40,19:11:10,19:12:10,19:12:30,19:13:30,,,,,,,,,,,,,,
,通勤急行,温泉,都会,19:07:00,19:08:00,,19:09:00,,19:10:00,,19:11:00,,19:12:00,,19:13:00,19:13:30,19:14:30,,19:15:30,19:16:00,19:17:30,19:17:50,19:19:20,19:19:40,19:21:10,19:21:40,19:23:40,19:24:00,19:26:00,19:26:20,19:28:20,19:28:40,19:30:40
,普通,町中,都会,19:10:00,19:11:00,19:11:20,19:12:20,19:12:40,19:13:40,19:14:00,19:15:00,19:15:20,19:16:20,19:16:40,19:17:40,19:18:10,19:19:10,19:19:30,19:20:30,,,,,,,,,,,,,,
,急行,温泉,都会,19:15:00,19:16:00,,19:17:00,,19:18:00,,19:19:00,,19:20:00,,19:21:00,19:21:30,19:22:30,,19:23:30,19:24:00,19:25:30,,19:27:00,,19:28:30,19:29:00,19:31:00,,19:33:00,,19:35:00,,19:37:00
,普通,町中,都会,19:18:00,19:19:00,19:19:20,19:20:20,19:20:40,19:21:40,19:22:00,19:23:00,19:23:20,19:24:20,19:24:40,19:25:40,19:26:10,19:27:10,19:27:30,19:28:30,,,,,,,,,,,,,,
,通勤急行,温泉,都会,19:22:00,19:23:00,,19:24:00,,19:25:00,,19:26:00,,19:27:00,,19:28:00,19:28:30,19:29:30,,19:30:30,19:31:00,19:32:30,19:32:50,19:34:20,19:34:40,19:36:10,19:36:40,19:38:40,19:39:00,19:41:00,19:41:20,19:43:20,19:43:40,19:45:40
,普通,町中,都会,19:25:00,19:26:00,19:26:20,19:27:20,19:27:40,19:28:40,19:29:00,19:30:00,19:30:20,19:31:20,19:31:40,19:32:40,19:33:10,19:34:10,19:34:30,19:35:30,,,,,,,,,,,,,,
,急行,温泉,都会,19:30:00,19:31:00,,19:32:00,,19:33:00,,19:34:00,,19:35:00,,19:36:00,19:36:30,19:37:30,,19:38:30,19:39:00,19:40:30,,19:42:00,,19:43:30,19:44:00,19:46:00,,19:48:00,,19:50:00,,19:52:00
,普通,町中,都会,19:33:00,19:34:00,19:34:20,19:35:20,19:35:40,19:36:40,19:37:00,19:38:00,19:38:20,19:39:20,19:39:40,19:40:40,19:41:10,19:42:10,19:42:30,19:43:30,,,,,,,,,,,,,,
,通勤急行,温泉,都会,19:37:00,19:38:00,,19:39:00,,19:40:00,,19:41:00,,19:42:00,,19:43:00,19:43:30,19:44:30,,19:45:30,19:46:00,19:47:30,19:47:50,19:49:20,19:49:40,19:51:10,19:51:40,19:53:40,19:54:00,19:56:00,19:56:20,19:58:20,19:58:40,20:00:40
,普通,町中,都会,19:40:00,19:41:00,19:41:20,19:42:20,19:42:40,19:43:40,19:44:00,19:45:00,19:45:20,19:46:20,19:46:40,19:47:40,19:48:10,19:49:10,19:49:30,19:50:30,,,,,,,,,,,,,,
,急行,温泉,都会,19:45:00,19:46:00,,19:47:00,,19:48:00,,19:49:00,,19:50:00,,19:51:00,19:51:30,19:52:30,,19:53:30,19:54:00,19:55:30,,19:57:00,,19:58:30,19:59:00,20:01:00,,20:03:00,,20:05:00,,20:07:00
,普通,町中,都会,19:48:00,19:49:00,19:49:20,19:50:20,19:50:40,19:51:40,19:52:00,19:53:00,19:53:20,19:54:20,19:54:40,19:55:40,19:56:10,19:57:10,19:57:30,19:58:30,,,,,,,,,,,,,,
,通勤急行,温泉,都会,19:52:00,19:53:00,,19:54:00,,19:55:00,,19:56:00,,19:57:00,,19:58:00,19:58:30,19:59:30,,20:00:30,20:01:00,20:02:30,20:02:50,20:04:20,20:04:40,20:06:10,20:06:40,20:08:40,20:09:00,20:11:00,20:11:20,20:13:20,20:13:40,20:15:40
,普通,町中,都会,19:55:00,19:56:00,19:56:20,19:57:20,19:57:40,19:58:40,19:59:00,20:00:00,20:00:20,20:01:20,20:01:40,20:02:40,20:03:10,20:04:10,20:04:30,20:05:30,,,,,,,,,,,,,,
,急行,温泉,都会,20:00:00,20:01:00,,20:02:00,,20:03:00,,20:04:00,,20:05:00,,20:06:00,20:06:30,20:07:30,,20:08:30,20:09:00,20:10:30,,20:12:00,,20:13:30,20:14:00,20:16:00,,20:18:00,,20:20:00,,20:22:00
,普通,町中,都会,20:03:00,20:04:00,20:04:20,20:05:20,20:05:40,20:06:40,20:07:00,20:08:00,20:08:20,20:09:20,20:09:40,20:10:40,20:11:10,20:12:10,20:12:30,20:13:30,,,,,,,,,,,,,,
,通勤急行,温泉,都会,20:07:00,20:08:00,,20:09:00,,20:10:00,,20:11:00,,20:12:00,,20:13:00,20:13:30,20:14:30,,20:15:30,20:16:00,20:17:30,20:17:50,20:19:20,20:19:40,20:21:10,20:21:40,20:23:40,20:24:00,20:26:00,20:26:20,20:28:20,20:28:40,20:30:40
,普通,町中,都会,20:10:00,20:11:00,20:11:20,20:12:20,20:12:40,20:13:40,20:14:00,20:15:00,20:15:20,20:16:20,20:16:40,20:17:40,20:18:10,20:19:10,20:19:30,20:20:30,,,,,,,,,,,,,,
,急行,温泉,都会,20:15:00,20:16:00,,20:17:00,,20:18:00,,20:19:00,,20:20:00,,20:21:00,20:21:30,20:22:30,,20:23:30,20:24:00,20:25:30,,20:27:00,,20:28:30,20:29:00,20:31:00,,20:33:00,,20:35:00,,20:37:00
,普通,町中,都会,20:18:00,20:19:00,20:19:20,20:20:20,20:20:40,20:21:40,20:22:00,20:23:00,20:23:20,20:24:20,20:24:40,20:25:40,20:26:10,20:27:10,20:27:30,20:28:30,,,,,,,,,,,,,,
,通勤急行,温泉,都会,20:22:00,20:23:00,,20:24:00,,20:25:00,,20:26:00,,20:27:00,,20:28:00,20:28:30,20:29:30,,20:30:30,20:31:00,20:32:30,20:32:50,20:34:20,20:34:40,20:36:10,20:36:40,20:38:40,20:39:00,20:41:00,20:41:20,20:43:20,20:43:40,20:45:40
,普通,町中,都会,20:25:00,20:26:00,20:26:20,20:27:20,20:27:40,20:28:40,20:29:00,20:30:00,20:30:20,20:31:20,20:31:40,20:32:40,20:33:10,20:34:10,20:34:30,20:35:30,,,,,,,,,,,,,,
,急行,温泉,都会,20:30:00,20:31:00,,20:32:00,,20:33:00,,20:34:00,,20:35:00,,20:36:00,20:36:30,20:37:30,,20:38:30,20:39:00,20:40:30,,20:42:00,,20:43:30,20:44:00,20:46:00,,20:48:00,,20:50:00,,20:52:00
,普通,町中,都会,20:33:00,20:34:00,20:34:20,20:35:20,20:35:40,20:36:40,20:37:00,20:38:00,20:38:20,20:39:20,20:39:40,20:40:40,20:41:10,20:42:10,20:42:30,20:43:30,,,,,,,,,,,,,,
,通勤急行,温泉,都会,20:37:00,20:38:00,,20:39:00,,20:40:00,,20:41:00,,20:42:00,,20:43:00,20:43:30,20:44:30,,20:45:30,20:46:00,20:47:30,20:47:50,20:49:20,20:49:40,20:51:10,20:51:40,20:53:40,20:54:00,20:56:00,20:56:20,20:58:20,20:58:40,21:00:40
,普通,町中,都会,20:40:00,20:41:00,20:41:20,20:42:20,20:42:40,20:43:40,20:44:00,20:45:00,20:45:20,20:46:20,20:46:40,20:47:40,20:48:10,20:49:10,20:49:30,20:50:30,,,,,,,,,,,,,,
,急行,温泉,都会,20:45:00,20:46:00,,20:47:00,,20:48:00,,20:49:00,,20:50:00,,20:51:00,20:51:30,20:52:30,,20:53:30,20:54:00,20:55:30,,20:57:00,,20:58:30,20:59:00,21:01:00,,21:03:00,,21:05:00,,21:07:00
,普通,町中,都会,20:48:00,20:49:00,20:49:20,20:50:20,20:50:40,20:51:40,20:52:00,20:53:00,20:53:20,20:54:20,20:54:40,20:55:40,20:56:10,20:57:10,20:57:30,20:58:30,,,,,,,,,,,,,,
,通勤急行,温泉,都会,20:52:00,20:53:00,,20:54:00,,20:55:00,,20:56:00,,20:57:00,,20:58:00,20:58:30,20:59:30,,21:00:30,21:01:00,21:02:30,21:02:50,21:04:20,21:04:40,21:06:10,21:06:40,21:08:40,21:09:00,21:11:00,21:11:20,21:13:20,21:13:40,21:15:40
,普通,町中,都会,20:55:00,20:56:00,20:56:20,20:57:20,20:57:40,20:58:40,20:59:00,21:00:00,21:00:20,21:01:20,21:01:40,21:02:40,21:03:10,21:04:10,21:04:30,21:05:30,,,,,,,,,,,,,,
,急行,温泉,都会,21:00:00,21:01:00,,21:02:00,,21:03:00,,21:04:00,,21:05:00,,21:06:00,21:06:30,21:07:30,,21:08:30,21:09:00,21:10:30,,21:12:00,,21:13:30,21:14:00,21:16:00,,21:18:00,,21:20:00,,21:22:00
,普通,温泉,都会,21:03:00,21:04:00,21:04:20,21:05:20,21:05:40,21:06:40,21:07:00,21:08:00,21:08:20,21:09:20,21:09:40,21:10:40,21:11:10,21:12:10,21:12:30,21:13:30,21:14:00,21:15:30,21:15:50,21:17:20,21:17:40,21:19:10,21:19:40,21:21:40,21:22:00,21:24:00,21:24:20,21:26:20,21:26:40,21:28:40
,急行,温泉,都会,21:10:00,21:11:00,,21:12:00,,21:13:00,,21:14:00,,21:15:00,,21:16:00,21:16:30,21:17:30,,21:18:30,21:19:00,21:20:30,,21:22:00,,21:23:30,21:24:00,21:26:00,,21:28:00,,21:30:00,,21:32:00
,普通,温泉,都会,21:13:00,21:14:00,21:14:20,21:15:20,21:15:40,21:16:40,21:17:00,21:18:00,21:18:20,21:19:20,21:19:40,21:20:40,21:21:10,21:22:10,21:22:30,21:23:30,21:24:00,21:25:30,21:25:50,21:27:20,21:27:40,21:29:10,21:29:40,21:31:40,21:32:00,21:34:00,21:34:20,21:36:20,21:36:40,21:38:40
,急行,温泉,都会,21:20:00,21:21:00,,21:22:00,,21:23:00,,21:24:00,,21:25:00,,21:26:00,21:26:30,21:27:30,,21:28:30,21:29:00,21:30:30,,21:32:00,,21:33:30,21:34:00,21:36:00,,21:38:00,,21:40:00,,21:42:00
,普通,温泉,都会,21:23:00,21:24:00,21:24:20,21:25:20,21:25:40,21:26:40,21:27:00,21:28:00,21:28:20,21:29:20,21:29:40,21:30:40,21:31:10,21:32:10,21:32:30,21:33:30,21:34:00,21:35:30,21:35:50,21:37:20,21:37:40,21:39:10,21:39:40,21:41:40,21:42:00,21:44:00,21:44:20,21:46:20,21:46:40,21:48:40
,急行,温泉,都会,21:30:00,21:31:00,,21:32:00,,21:33:00,,21:34:00,,21:35:00,,21:36:00,21:36:30,21:37:30,,21:38:30,21:39:00,21:40:30,,21:42:00,,21:43:30,21:44:00,21:46:00,,21:48:00,,21:50:00,,21:52:00
,普通,温泉,都会,21:33:00,21:34:00,21:34:20,21:35:20,21:35:40,21:36:40,21:37:00,21:38:00,21:38:20,21:39:20,21:39:40,21:40:40,21:41:10,21:42:10,21:42:30,21:43:30,21:44:00,21:45:30,21:45:50,21:47:20,21:47:40,21:49:10,21:49:40,21:51:40,21:52:00,21:54:00,21:54:20,21:56:20,21:56:40,21:58:40
,急行,温泉,都会,21:40:00,21:41:00,,21:42:00,,21:43:00,,21:44:00,,21:45:00,,21:46:00,21:46:30,21:47:30,,21:48:30,21:49:00,21:50:30,,21:52:00,,21:53:30,21:54:00,21:56:00,,21:58:00,,22:00:00,,22:02:00
,普通,温泉,都会,21:43:00,21:44:00,21:44:20,21:45:20,21:45:40,21:46:40,21:47:00,21:48:00,21:48:20,21:49:20,21:49:40,21:50:40,21:51:10,21:52:10,21:52:30,21:53:30,21:54:00,21:55:30,21:55:50,21:57:20,21:57:40,21:59:10,21:59:40,22:01:40,22:02:00,22:04:00,22:04:20,22:06:20,22:06:40,22:08:40
,急行,温泉,都会,21:50:00,21:51:00,,21:52:00,,21:53:00,,21:54:00,,21:55:00,,21:56:00,21:56:30,21:57:30,,21:58:30,21:59:00,22:00:30,,22:02:00,,22:03:30,22:04:00,22:06:00,,22:08:00,,22:10:00,,22:12:00
,普通,温泉,都会,21:53:00,21:54:00,21:54:20,21:55:20,21:55:40,21:56:40,21:57:00,21:58:00,21:58:20,21:59:20,21:59:40,22:00:40,22:01:10,22:02:10,22:02:30,22:03:30,22:04:00,22:05:30,22:05:50,22:07:20,22:07:40,22:09:10,22:09:40,22:11:40,22:12:00,22:14:00,22:14:20,22:16:20,22:16:40,22:18:40
,急行,温泉,都会,22:00:00,22:01:00,,22:02:00,,22:03:00,,22:04:00,,22:05:00,,22:06:00,22:06:30,22:07:30,,22:08:30,22:09:00,22:10:30,,22:12:00,,22:13:30,22:14:00,22:16:00,,22:18:00,,22:20:00,,22:22:00
,普通,温泉,都会,22:03:00,22:04:00,22:04:20,22:05:20,22:05:40,22:06:40,22:07:00,22:08:00,22:08:20,22:09:20,22:09:40,22:10:40,22:11:10,22:12:10,22:12:30,22:13:30,22:14:00,22:15:30,22:15:50,22:17:20,22:17:40,22:19:10,22:19:40,22:21:40,22:22:00,22:24:00,22:24:20,22:26:20,22:26:40,22:28:40
,急行,温泉,都会,22:10:00,22:11:00,,22:12:00,,22:13:00,,22:14:00,,22:15:00,,22:16:00,22:16:30,22:17:30,,22:18:30,22:19:00,22:20:30,,22:22:00,,22:23:30,22:24:00,22:26:00,,22:28:00,,22:30:00,,22:32:00
,普通,温泉,都会,22:13:00,22:14:00,22:14:20,22:15:20,22:15:40,22:16:40,22:17:00,22:18:00,22:18:20,22:19:20,22:19:40,22:20:40,22:21:10,22:22:10,22:22:30,22:23:30,22:24:00,22:25:30,22:25:50,22:27:20,22:27:40,22:29:10,22:29:40,22:31:40,22:32:00,22:34:00,22:34:20,22:36:20,22:36:40,22:38:40
,急行,温泉,都会,22:20:00,22:21:00,,22:22:00,,22:23:00,,22:24:00,,22:25:00,,22:26:00,22:26:30,22:27:30,,22:28:30,22:29:00,22:30:30,,22:32:00,,22:33:30,22:34:00,22:36:00,,22:38:00,,22:40:00,,22:42:00
,普通,温泉,都会,22:23:00,22:24:00,22:24:20,22:25:20,22:25:40,22:26:40,22:27:00,22:28:00,22:28:20,22:29:20,22:29:40,22:30:40,22:31:10,22:32:10,22:32:30,22:33:30,22:34:00,22:35:30,22:35:50,22:37:20,22:37:40,22:39:10,22:39:40,22:41:40,22:42:00,22:44:00,22:44:20,22:46:20,22:46:40,22:48:40
,急行,温泉,都会,22:30:00,22:31:00,,22:32:00,,22:33:00,,22:34:00,,22:35:00,,22:36:00,22:36:30,22:37:30,,22:38:30,22:39:00,22:40:30,,22:42:00,,22:43:30,22:44:00,22:46:00,,22:48:00,,22:50:00,,22:52:00
,普通,温泉,都会,22:33:00,22:34:00,22:34:20,22:35:20,22:35:40,22:36:40,22:37:00,22:38:00,22:38:20,22:39:20,22:39:40,22:40:40,22:41:10,22:42:10,22:42:30,22:43:30,22:44:00,22:45:30,22:45:50,22:47:20,22:47:40,22:49:10,22:49:40,22:51:40,22:52:00,22:54:00,22:54:20,22:56:20,22:56:40,22:58:40
,急行,温泉,都会,22:40:00,22:41:00,,22:42:00,,22:43:00,,22:44:00,,22:45:00,,22:46:00,22:46:30,22:47:30,,22:48:30,22:49:00,22:50:30,,22:52:00,,22:53:30,22:54:00,22:56:00,,22:58:00,,23:00:00,,23:02:00
,普通,温泉,都会,22:43:00,22:44:00,22:44:20,22:45:20,22:45:40,22:46:40,22:47:00,22:48:00,22:48:20,22:49:20,22:49:40,22:50:40,22:51:10,22:52:10,22:52:30,22:53:30,22:54:00,22:55:30,22:55:50,22:57:20,22:57:40,22:59:10,22:59:40,23:01:40,23:02:00,23:04:00,23:04:20,23:06:20,23:06:40,23:08:40
,急行,温泉,都会,22:50:00,22:51:00,,22:52:00,,22:53:00,,22:54:00,,22:55:00,,22:56:00,22:56:30,22:57:30,,22:58:30,22:59:00,23:00:30,,23:02:00,,23:03:30,23:04:00,23:06:00,,23:08:00,,23:10:00,,23:12:00
,普通,温泉,都会,22:53:00,22:54:00,22:54:20,22:55:20,22:55:40,22:56:40,22:57:00,22:58:00,22:58:20,22:59:20,22:59:40,23:00:40,23:01:10,23:02:10,23:02:30,23:03:30,23:04:00,23:05:30,23:05:50,23:07:20,23:07:40,23:09:10,23:09:40,23:11:40,23:12:00,23:14:00,23:14:20,23:16:20,23:16:40,23:18:40
,急行,学園都市,都会,23:00:00,23:01:00,,23:02:00,,23:03:00,,23:04:00,,23:05:00,,23:06:00,,,,,,,,,,,,,,,,,,
,普通,温泉,都会,23:03:00,23:04:00,23:04:20,23:05:20,23:05:40,23:06:40,23:07:00,23:08:00,23:08:20,23:09:20,23:09:40,23:10:40,23:11:10,23:12:10,23:12:30,23:13:30,23:14:00,23:15:30,23:15:50,23:17:20,23:17:40,23:19:10,23:19:40,23:21:40,23:22:00,23:24:00,23:24:20,23:26:20,23:26:40,23:28:40
,急行,学園都市,都会,23:10:00,23:11:00,,23:12:00,,23:13:00,,23:14:00,,23:15:00,,23:16:00,,,,,,,,,,,,,,,,,,
,普通,神社口,都会,23:13:00,23:14:00,23:14:20,23:15:20,23:15:40,23:16:40,23:17:00,23:18:00,23:18:20,23:19:20,23:19:40,23:20:40,23:21:10,23:22:10,23:22:30,23:23:30,23:24:00,23:25:30,23:25:50,23:27:20,23:27:40,23:29:10,,,,,,,,
,急行,学園都市,都会,23:20:00,23:21:00,,23:22:00,,23:23:00,,23:24:00,,23:25:00,,23:26:00,,,,,,,,,,,,,,,,,,
,普通,温泉,都会,23:23:00,23:24:00,23:24:20,23:25:20,23:25:40,23:26:40,23:27:00,23:28:00,23:28:20,23:29:20,23:29:40,23:30:40,23:31:10,23:32:10,23:32:30,23:33:30,23:34:00,23:35:30,23:35:50,23:37:20,23:37:40,23:39:10,23:39:40,23:41:40,23:42:00,23:44:00,23:44:20,23:46:20,23:46:40,23:48:40
,急行,学園都市,都会,23:30:00,23:31:00,,23:32:00,,23:33:00,,23:34:00,,23:35:00,,23:36:00,,,,,,,,,,,,,,,,,,
,普通,町中,都会,23:33:00,23:34:00,23:34:20,23:35:20,23:35:40,23:36:40,23:37:00,23:38:00,23:38:20,23:39:20,23:39:40,23:40:40,23:41:10,23:42:10,23:42:30,23:43:30,,,,,,,,,,,,,,
,普通,町中,都会,23:43:00,23:44:00,23:44:20,23:45:20,23:45:40,23:46:40,23:47:00,23:48:00,23:48:20,23:49:20,23:49:40,23:50:40,23:51:10,23:52:10,23:52:30,23:53:30,,,,,,,,,,,,,,
,普通,学園都市,都会,23:53:00,23:54:00,23:54:20,23:55:20,23:55:40,23:56:40,23:57:00,23:58:00,23:58:20,23:59:20,23:59:40,0:00:40,,,,,,,,,,,,,,,,,,
,普通,学園都市,都会,0:03:00,0:04:00,0:04:20,0:05:20,0:05:40,0:06:40,0:07:00,0:08:00,0:08:20,0:09:20,0:09:40,0:10:40,,,,,,,,,,,,,,,,,,
